,author,year,author_n,title,group.x,country,n,mean.gender.male,mean.gender.female,age.mean,age.sd,age.other.var,blinding,device,instruction,motivation,feedback,change_nft,update.timing,update.timing_1_TEXT,task.demands.type,trial.dur,trial.iti,trial.n,block.ibi,block.n,session.isi,session.n,session.dur,training.dur.days,training.dur.min,strategy.stim,bold.mod,eeg.mod,eeg.mod.amp,eeg.freq,rehearsal,func.loc,QA_Score,QA_Rating,reject,group_n,group.y,target,freq,roi,freq_range,direction,Type.of.Data,data_type,iaf_yn,var_measure,If.not.SD..what.is.n.,Time.Courses.Provided,If.not.during.session..what.task.is.measured.,cat_pre_nft,cat_first_nft,cat_last_nft,cat_post_nft,cat_transfer,cat_onlyPSC,cat_multi_sessions,cat_multi_sessions.1,mean_pre,var_pre,mean_first,var_first,mean_last,var_last,mean_post,var_post,mean_transfer,var_transfer,mean_ses_2,var_ses_2,mean_ses_3,var_ses_3,mean_ses_4,var_ses_4,mean_ses_5,var_ses_5,mean_ses_6,var_ses_6,mean_ses_7,var_ses_7,mean_ses_8,var_ses_8,mean_ses_9,var_ses_9,mean_ses_10,var_ses_10,pscBase_mean_first,pscBase_var_first,pscBase_mean_last,pscBase_var_last,pscBase_mean_post,pscBase_var_post,pscBase_mean_transfer,pscBase_var_transfer,pscBase_mean_ses_2,pscBase_var_ses_2,pscBase_mean_ses_3,pscBase_var_ses_3,pscBase_mean_ses_4,pscBase_var_ses_4,pscBase_mean_ses_5,pscBase_var_ses_5,pscBase_mean_ses_6,pscBase_var_ses_6,pscBase_mean_ses_7,pscBase_var_ses_7,pscBase_mean_ses_8,pscBase_var_ses_8,pscBase_mean_ses_9,pscBase_var_ses_9,pscBase_mean_ses_10,pscBase_var_ses_10,pscFirst_mean_first,pscFirst_var_first,pscFirst_mean_last,pscFirst_var_last,pscFirst_mean_post,pscFirst_var_post,pscFirst_mean_transfer,pscFirst_var_transfer,pscFirst_mean_ses_2,pscFirst_var_ses_2,pscFirst_mean_ses_3,pscFirst_var_ses_3,pscFirst_mean_ses_4,pscFirst_var_ses_4,pscFirst_mean_ses_5,pscFirst_var_ses_5,pscFirst_mean_ses_6,pscFirst_var_ses_6,pscFirst_mean_ses_7,pscFirst_var_ses_7,pscFirst_mean_ses_8,pscFirst_var_ses_8,pscFirst_mean_ses_9,pscFirst_var_ses_9,pscFirst_mean_ses_10,pscFirst_var_ses_10,
1,Alexander,2018,NA,NA,NA,NA,NA,NA,NA,NA,NA,NA,NA,NA,NA,NA,NA,NA,NA,NA,NA,NA,NA,NA,NA,NA,NA,NA,NA,NA,NA,NA,NA,NA,NA,NA,NA,NA,NA,NA,NA,1,NA, Alpha, Alpha,,NA,up,Alpha EEG Rhythm Index,999,,SE,16,"Pre-Intervention, Post-Intervention","Pre-, Post-Intervention: Resting State (Closed-Eyes, ""EEG registration"")",1,NA,NA,1,NA,NA,NA,NA,NA,NA,NA,NA,NA,NA,NA,NA,NA,NA,NA,NA,NA,NA,NA,NA,NA,NA,NA,NA,NA,NA,NA,NA,NA,NA,NA,NA,NA,NA,NA,NA,NA,NA,NA,NA,NA,NA,NA,NA,NA,NA,NA,NA,NA,NA,NA,NA,NA,NA,NA,NA,NA,NA,NA,NA,NA,NA,NA,NA,NA,NA,NA,NA,NA,NA,NA,NA,NA,NA,NA,NA,NA,NA,NA,NA,NA,NA,NA,NA,NA
2,Andersson,2019,NA,NA,NA,NA,NA,NA,NA,NA,NA,NA,NA,NA,NA,NA,NA,NA,NA,NA,NA,NA,NA,NA,NA,NA,NA,NA,NA,NA,NA,NA,NA,NA,NA,NA,NA,NA,NA,NA,NA,2,Occipital, Occipital/MSPL,,999,NA,up,BOLD PSC,psc,,SD,31,Pre-Intervention vs. Intervention 6s Peak,,999,NA,NA,NA,NA,NA,NA,NA,NA,NA,NA,NA,NA,NA,NA,NA,NA,NA,NA,NA,NA,NA,NA,NA,NA,NA,NA,NA,NA,NA,NA,NA,NA,NA,NA,NA,NA,NA,NA,NA,NA,NA,NA,NA,NA,NA,NA,NA,NA,NA,NA,NA,NA,NA,NA,NA,NA,NA,NA,NA,NA,NA,NA,NA,NA,NA,NA,NA,NA,NA,NA,NA,NA,NA,NA,NA,NA,NA,NA,NA,NA,NA,NA,NA,NA,NA,NA,NA,NA
3,Andersson,2019,NA,NA,NA,NA,NA,NA,NA,NA,NA,NA,NA,NA,NA,NA,NA,NA,NA,NA,NA,NA,NA,NA,NA,NA,NA,NA,NA,NA,NA,NA,NA,NA,NA,NA,NA,NA,NA,NA,NA,2,Striatum, Bilateral Ventral Striatum,, Bilateral Ventral Striatum,NA,up,BOLD PSC,psc,,SD,31,Pre-Intervention vs. Intervention 6s Peak,,999,NA,NA,NA,NA,NA,NA,NA,NA,NA,NA,NA,NA,NA,NA,NA,NA,NA,NA,NA,NA,NA,NA,NA,NA,NA,NA,NA,NA,NA,NA,NA,NA,NA,NA,NA,NA,NA,NA,NA,NA,NA,NA,NA,NA,NA,NA,NA,NA,NA,NA,NA,NA,NA,NA,NA,NA,NA,NA,NA,NA,NA,NA,NA,NA,NA,NA,NA,NA,NA,NA,NA,NA,NA,NA,NA,NA,NA,NA,NA,NA,NA,NA,NA,NA,NA,NA,NA,NA
4,Anil,2022,Anil,The importance of self-efficacy and negative affect for neurofeedback success for central neuropathic pain after a spinal cord injury,,UK,25,12,13,30.96,11.19,19-65,1,3,2,2,"1,24","1,2,3",1,,,300,,6,,1,7,4,32,28,120,"1,6,9,8",NA,1,"1,2","1,10,13,15",2,2,6,1,NA,1,NA," Alpha (maintain/suppress Higher Beta, Theta)",alpha,,NA,up,Relative Power,power,,none,27,"Pre-Intervention, Detailed Group Data",Pre-Intervention: Resting Bsaeline (Eyes -Open 2 min),999,NA,NA,NA,NA,NA,NA,NA,NA,NA,NA,NA,NA,NA,NA,NA,NA,NA,NA,NA,NA,NA,NA,NA,NA,NA,NA,NA,NA,NA,NA,NA,NA,NA,NA,NA,NA,NA,NA,NA,NA,NA,NA,NA,NA,NA,NA,NA,NA,NA,NA,NA,NA,NA,NA,NA,NA,NA,NA,NA,NA,NA,NA,NA,NA,NA,NA,NA,NA,NA,NA,NA,NA,NA,NA,NA,NA,NA,NA,NA,NA,NA,NA,NA,NA,NA,NA,NA,NA
5,Auer,2015,Auer,Training efficiency and transfer success in an extended real-time functional MRI neurofeedback training of the somatomotor cortex of healthy subjects,,Germany,16,9,7,25.9,3.3,,2,2,1,2,"1,28","1,3",1,10-Aug,,30,40,4,110,4,2-Jan,12,23.3,12,96,,1,NA,,,2,1,8,1,NA,1,NA, Sensorimotor Cortex,, Sensorimotor Cortex,NA,up,PSC,psc,,none,16,"Pre-Post Intervention, Transfer","Pre-Post Intervention: Overt Finger Movement Task, Transfer: Motor Imagery no Feedback",1,NA,NA,1,1,NA,NA,NA,NA,NA,NA,NA,NA,NA,NA,NA,NA,NA,NA,NA,NA,NA,NA,NA,NA,NA,NA,NA,NA,NA,NA,NA,NA,NA,NA,NA,NA,NA,NA,NA,NA,NA,NA,NA,NA,NA,NA,NA,NA,NA,NA,NA,NA,NA,NA,NA,NA,NA,NA,NA,NA,NA,NA,NA,NA,NA,NA,NA,NA,NA,NA,NA,NA,NA,NA,NA,NA,NA,NA,NA,NA,NA,NA,NA,NA,NA,NA,NA,NA
6,Cannon,2014,Cannon,LORETA Neurofeedback in the Precuneus: Operant Conditioning in Basic Mechanisms of Self-Regulation,,USA,5,3,2,,NA,,1,3,2,2,"19,21,22,26","1,3",1,,,300,,6,,1,2-Jan,20-Dec,60,16-28,360-600,,NA,1,1,1,2,2,8,1,NA,1,NA, Precuneus,, Precuneus,NA,up,EEG Current Source Density (CSD),csd,,SD,31,"Pre-, Post- Intervention (Eyes Closed AND Eyes Open)",Pre-Post Intervention: 3 min resting state (Eyes open (EOB) and Eyes Closed (ECB),NA,1,NA,1,NA,NA,NA,NA,NA,NA,NA,NA,NA,NA,NA,NA,NA,NA,NA,NA,NA,NA,NA,NA,NA,NA,NA,NA,NA,NA,NA,NA,NA,NA,NA,NA,NA,NA,NA,NA,NA,NA,NA,NA,NA,NA,NA,NA,NA,NA,NA,NA,NA,NA,NA,NA,NA,NA,NA,NA,NA,NA,NA,NA,NA,NA,NA,NA,NA,NA,NA,NA,NA,NA,NA,NA,NA,NA,NA,NA,NA,NA,NA,NA,NA,NA,NA,NA,NA
7,Cheng,2015,Cheng,Sensorimotor Rhythm Neurofeedback Enhances Golf Putting Performance,,Germany,8,7,1,20.6,1.59,,2,3,2,2,19,"1,3",1,,,30,,12,,1,5-Apr,8,30-45,35,48,,NA,1,1,16,2,2,9,1,NA,1,NA, SMR,SMR,,NA,up,Difference Score (%) of Relative Power,power,,SD,31,"Pre-, Post Intervention","Pre-Post- Intervention: Resting EEG (1 min eye open and closed, in putting stance)",1,NA,NA,1,NA,NA,NA,NA,NA,NA,NA,NA,NA,NA,NA,NA,NA,NA,NA,NA,NA,NA,NA,NA,NA,NA,NA,NA,NA,NA,NA,NA,NA,NA,NA,NA,NA,NA,NA,NA,NA,NA,NA,NA,NA,NA,NA,NA,NA,NA,NA,NA,NA,NA,NA,NA,NA,NA,NA,NA,NA,NA,NA,NA,NA,NA,NA,NA,NA,NA,NA,NA,NA,NA,NA,NA,NA,NA,NA,NA,NA,NA,NA,NA,NA,NA,NA,NA,NA
8,Christie,2020,Christie,The Effect of an Integrated Neurofeedback and Biofeedback Training Intervention on Ice Hockey Shooting Performance,,Canada,8,NA,NA,,NA,,1,3,2,2,"19,27","1,3",1,,9,5400,,1,,1,,15,90,137,1350,,NA,1,1,16,2,2,9,1,NA,1,NA, SMR/(Theta&High Beta) ,999,,NA,up,SMR Power,power,,SD,31,First Session (1) vs Last Session (15),,NA,1,1,NA,NA,NA,NA,NA,NA,NA,NA,NA,NA,NA,NA,NA,NA,NA,NA,NA,NA,NA,NA,NA,NA,NA,NA,NA,NA,NA,NA,NA,NA,NA,NA,NA,NA,NA,NA,NA,NA,NA,NA,NA,NA,NA,NA,NA,NA,NA,NA,NA,NA,NA,NA,NA,NA,NA,NA,NA,NA,NA,NA,NA,NA,NA,NA,NA,NA,NA,NA,NA,NA,NA,NA,NA,NA,NA,NA,NA,NA,NA,NA,NA,NA,NA,NA,NA,NA
9,de Zambotti,2012,de Zambotti,The efficacy of EEG neurofeedback aimed at enhancing sensory-motor rhythm theta ratio in healthy subjects,,Italy,8,2,6,23.12,1.8,,1,3,1,2,"1,26",,,,,180,,5,,1,4-Jan,16,18,56,240,,NA,1,"1,2",15,2,2,8,1,NA,NA,NA,NA,NA,NA,NA,NA,NA,NA,NA,NA,NA,NA,NA,NA,NA,NA,NA,NA,NA,NA,NA,NA,NA,NA,NA,NA,NA,NA,NA,NA,NA,NA,NA,NA,NA,NA,NA,NA,NA,NA,NA,NA,NA,NA,NA,NA,NA,NA,NA,NA,NA,NA,NA,NA,NA,NA,NA,NA,NA,NA,NA,NA,NA,NA,NA,NA,NA,NA,NA,NA,NA,NA,NA,NA,NA,NA,NA,NA,NA,NA,NA,NA,NA,NA,NA,NA,NA,NA,NA,NA,NA,NA,NA,NA,NA,NA,NA,NA,NA,NA,NA,NA
10,Dekker,2014,Dekker,The time-course of alpha neurofeedback training effects in healthy participants.,,Netherlands,18,6,12,20.7,1.79,,1,3,2,2,19,1,1,,"1,11",480,300,3,,1,2-Jan,15,54,19 - 28,360,,NA,1,1,1,2,2,8,1,NA,1,NA, Alpha, Alpha,,NA,up,Alpha Power,power,,SEM,18,First Session (1) vs. Middle Session (10) vs. Last Session (15),,NA,1,1,NA,NA,NA,1,NA,NA,NA,NA,NA,NA,NA,NA,NA,NA,NA,NA,NA,NA,NA,NA,NA,NA,NA,NA,NA,NA,NA,NA,NA,NA,NA,NA,NA,NA,NA,NA,NA,NA,NA,NA,NA,NA,NA,NA,NA,NA,NA,NA,NA,NA,NA,NA,NA,NA,NA,NA,NA,NA,NA,NA,NA,NA,NA,NA,NA,NA,NA,NA,NA,NA,NA,NA,NA,NA,NA,NA,NA,NA,NA,NA,NA,NA,NA,NA,NA,NA
11,Dempster,2009,Dempster,Identifying Indices of Learning for Alpha Neurofeedback Training,,UK,25,5,20,,NA,,1,3,2,2,"1,19,28",1,1,,,450,30,2,,1,7,10,18.5,10,150,,NA,1,1,1,2,2,10,2,NA,1,NA, Alpha, Alpha,,NA,up,Alpha Amplitude,amplitude,,SD,NA,Each Session Baseline AND Intervention Group Data,Baseline: REsting State EEG (3 min eyes open),999,NA,NA,NA,NA,NA,NA,NA,NA,NA,7.64,2.56,8.81,3.47,NA,NA,NA,NA,7.9,2.92,8.02,3.18,8.09,3.38,8.6,3.63,8.87,4.02,8.46,3.34,8.69,3.59,9.02,3.59,8.81,3.47,NA,NA,NA,NA,NA,NA,NA,NA,NA,NA,NA,NA,NA,NA,NA,NA,NA,NA,NA,NA,NA,NA,NA,NA,NA,NA,NA,NA,NA,NA,NA,NA,NA,NA,NA,NA,NA,NA,NA,NA,NA,NA,NA,NA,NA,NA,NA,NA,NA,NA,NA,NA,NA
12,deZambotti,2012,NA,NA,NA,NA,NA,NA,NA,NA,NA,NA,NA,NA,NA,NA,NA,NA,NA,NA,NA,NA,NA,NA,NA,NA,NA,NA,NA,NA,NA,NA,NA,NA,NA,NA,NA,NA,NA,NA,NA,1,NA, SMR/Theta , SMR/Theta ,,NA,up,Relative Amplitude (to baseline) PSC,amplitude,,SE,8,Each Session Intervention Group Data,Baseline (used for relative amplitude): Resting State EEG (Open-Eyes 3 min),999,NA,NA,NA,NA,NA,NA,NA,NA,NA,NA,NA,NA,NA,NA,NA,NA,NA,NA,NA,NA,NA,NA,NA,NA,NA,NA,NA,NA,NA,NA,NA,NA,NA,NA,NA,NA,NA,NA,NA,NA,NA,NA,NA,NA,NA,NA,NA,NA,NA,NA,NA,NA,NA,NA,NA,NA,NA,NA,NA,NA,NA,NA,NA,NA,NA,NA,NA,NA,NA,NA,NA,NA,NA,NA,NA,NA,NA,NA,NA,NA,NA,NA,NA,NA,NA,NA,NA,NA
13,Domingos,2021,Domingos_3,The Influence of an Alpha Band Neurofeedback Training in Heart Rate Variability in Athletes,2/ week,Portugal,13,13,0,,NA,,1,3,1,2,27,"1,3",1,,,60,5,25,,1,6-Jan,12,27.0833,42,300,,NA,1,1,1,1,1,10,2,NA,2,3 Sessions/Week, Alpha, Alpha,,NA,up,Alpha Amplitude,amplitude,,SEM,NA,First Session (1) vs Last Session (12),,NA,1,1,NA,NA,NA,NA,NA,NA,NA,NA,NA,NA,NA,NA,NA,NA,NA,NA,NA,NA,NA,NA,NA,NA,NA,NA,NA,NA,NA,NA,NA,NA,NA,NA,NA,NA,NA,NA,NA,NA,NA,NA,NA,NA,NA,NA,NA,NA,NA,NA,NA,NA,NA,NA,NA,NA,NA,NA,NA,NA,NA,NA,NA,NA,NA,NA,NA,NA,NA,NA,NA,NA,NA,NA,NA,NA,NA,NA,NA,NA,NA,NA,NA,NA,NA,NA,NA,NA
18,Domingos,2021,Domingos_4,The Influence of an Alpha Band Neurofeedback Training in Heart Rate Variability in Athletes,3/ week,Portugal,14,14,0,,NA,,1,3,1,2,27,"1,3",1,,,60,5,25,,1,4-Jan,12,27.0833,28,300,,NA,1,1,1,1,1,10,2,NA,2,2 Sessions/Week, SMR (maintain/suppress Theta and Beta),SMR,,NA,up,,999,,,NA,,,999,NA,NA,NA,NA,NA,NA,NA,NA,NA,NA,NA,NA,NA,NA,NA,NA,NA,NA,NA,NA,NA,NA,NA,NA,NA,NA,NA,NA,NA,NA,NA,NA,NA,NA,NA,NA,NA,NA,NA,NA,NA,NA,NA,NA,NA,NA,NA,NA,NA,NA,NA,NA,NA,NA,NA,NA,NA,NA,NA,NA,NA,NA,NA,NA,NA,NA,NA,NA,NA,NA,NA,NA,NA,NA,NA,NA,NA,NA,NA,NA,NA,NA,NA,NA,NA,NA,NA,NA
19,Emmert,2014,Emmert_2,Comparison of anterior cingulate vs. insular cortex as targets for real-time fMRI regulation during pain stimulation,Group 2: ACC,Switzerland,14,7,7,27.4,2.6,,1,2,2,2,"18,24",2,1,,9,30,30,4,15,4,0,1,25,1,8,,8,NA,,,2,1,7,0,NA,2,Anterior Cingulate Cortex (ACC), ACC BOLD Activitation,,acc,NA,down,Beta Values,beta,,none,14,Each Intervention Run for Each Participant,,999,NA,NA,NA,NA,NA,NA,NA,NA,NA,NA,NA,NA,NA,NA,NA,NA,NA,NA,NA,NA,NA,NA,NA,NA,NA,NA,NA,NA,NA,NA,NA,NA,NA,NA,NA,NA,NA,NA,NA,NA,NA,NA,NA,NA,NA,NA,NA,NA,NA,NA,NA,NA,NA,NA,NA,NA,NA,NA,NA,NA,NA,NA,NA,NA,NA,NA,NA,NA,NA,NA,NA,NA,NA,NA,NA,NA,NA,NA,NA,NA,NA,NA,NA,NA,NA,NA,NA,NA
22,Emmert,2014,Emmert_1,Comparison of anterior cingulate vs. insular cortex as targets for real-time fMRI regulation during pain stimulation,Group 1: AIC,Switzerland,14,7,7,27.6,2.1,,1,2,2,2,"18,24",2,1,,9,30,30,4,15,4,0,1,25,1,8,,8,NA,,,2,1,7,0,NA,2,Anterior Insular Cortex (AIC), AIC BOLD Activitation,,aic,NA,down,Beta Values,beta,,none,14,Each Intervention Run for Each Participant,,999,NA,NA,NA,NA,NA,NA,NA,NA,NA,NA,NA,NA,NA,NA,NA,NA,NA,NA,NA,NA,NA,NA,NA,NA,NA,NA,NA,NA,NA,NA,NA,NA,NA,NA,NA,NA,NA,NA,NA,NA,NA,NA,NA,NA,NA,NA,NA,NA,NA,NA,NA,NA,NA,NA,NA,NA,NA,NA,NA,NA,NA,NA,NA,NA,NA,NA,NA,NA,NA,NA,NA,NA,NA,NA,NA,NA,NA,NA,NA,NA,NA,NA,NA,NA,NA,NA,NA,NA
23,Enz,2022,Enz_2,Self-regulation of the brain's right frontal Beta rhythm using a brain-computer interface,beta down,Ireland,18,6,12,27.33,12.04,,3,3,1,2,"24,26",2,1,,1,180,,4,,1,,6,22-50,6,72,,NA,1,2,10,2,1,10,2,NA,4,Alpha Up, Alpha, Alpha,,NA,up,Alpha Power (Estimated Marginal Means),power,,SE,23,Baseline vs. Last Block of Last Session,Baseline: Resting state EEG,1,NA,1,NA,NA,NA,NA,NA,NA,NA,NA,NA,NA,NA,NA,NA,NA,NA,NA,NA,NA,NA,NA,NA,NA,NA,NA,NA,NA,NA,NA,NA,NA,NA,NA,NA,NA,NA,NA,NA,NA,NA,NA,NA,NA,NA,NA,NA,NA,NA,NA,NA,NA,NA,NA,NA,NA,NA,NA,NA,NA,NA,NA,NA,NA,NA,NA,NA,NA,NA,NA,NA,NA,NA,NA,NA,NA,NA,NA,NA,NA,NA,NA,NA,NA,NA,NA,NA,NA
30,Enz,2022,Enz_1,Self-regulation of the brain's right frontal Beta rhythm using a brain-computer interface,beta up,Ireland,26,11,15,25.96,7.37,,3,3,1,2,"24,26",1,1,,1,180,,4,,1,,6,22-50,6,72,,NA,1,1,10,2,1,10,2,NA,4,Alpha Down, Alpha, Alpha,,NA,down,Alpha Power (Estimated Marginal Means),power,,SE,15,Baseline vs. Last Block of Last Session,Baseline: Resting state EEG,1,NA,1,NA,NA,NA,NA,NA,NA,NA,NA,NA,NA,NA,NA,NA,NA,NA,NA,NA,NA,NA,NA,NA,NA,NA,NA,NA,NA,NA,NA,NA,NA,NA,NA,NA,NA,NA,NA,NA,NA,NA,NA,NA,NA,NA,NA,NA,NA,NA,NA,NA,NA,NA,NA,NA,NA,NA,NA,NA,NA,NA,NA,NA,NA,NA,NA,NA,NA,NA,NA,NA,NA,NA,NA,NA,NA,NA,NA,NA,NA,NA,NA,NA,NA,NA,NA,NA,NA
31,Eschmann,2022,Eschmann,Theta Neurofeedback Training Supports Motor Performance and Flow Experience,,Germany,48,18,30,22.44,NA,,1,3,1,2,1,1,1,,,300,,6,,1,0,1,35,1,30,"3,9",NA,1,1,13,2,2,10,2,NA,1,NA, Theta, Theta,,NA,up,Theta Amplitude PSC,amplitude,,SE,48,PSC: Resting EEG vs. Overall Training,,999,NA,NA,NA,NA,NA,NA,NA,NA,NA,NA,NA,NA,NA,NA,NA,NA,NA,NA,NA,NA,NA,NA,NA,NA,NA,NA,NA,NA,NA,NA,NA,NA,NA,NA,NA,NA,NA,NA,NA,NA,NA,NA,NA,NA,NA,NA,NA,NA,NA,NA,NA,NA,NA,NA,NA,NA,NA,NA,NA,NA,NA,NA,NA,NA,NA,NA,NA,NA,NA,NA,NA,NA,NA,NA,NA,NA,NA,NA,NA,NA,NA,NA,NA,NA,NA,NA,NA,NA
32,Fedotchev,2018,Fedotchev,Stress Coping Via Musical Neurofeedback,,Russia,16,9,7,46.66,8.1,,1,3,2,2,19,"1,3",1,,,900,,1,,1,,1,17.5,1,15,,NA,1,1,1,2,1,7,0,NA,NA,NA,NA,NA,NA,NA,NA,NA,NA,NA,NA,NA,NA,NA,NA,NA,NA,NA,NA,NA,NA,NA,NA,NA,NA,NA,NA,NA,NA,NA,NA,NA,NA,NA,NA,NA,NA,NA,NA,NA,NA,NA,NA,NA,NA,NA,NA,NA,NA,NA,NA,NA,NA,NA,NA,NA,NA,NA,NA,NA,NA,NA,NA,NA,NA,NA,NA,NA,NA,NA,NA,NA,NA,NA,NA,NA,NA,NA,NA,NA,NA,NA,NA,NA,NA,NA,NA,NA,NA,NA,NA,NA,NA,NA,NA,NA,NA,NA,NA,NA,NA,NA,NA
33,Gadea,2016,NA,NA,NA,NA,NA,NA,NA,NA,NA,NA,NA,NA,NA,NA,NA,NA,NA,NA,NA,NA,NA,NA,NA,NA,NA,NA,NA,NA,NA,NA,NA,NA,NA,NA,NA,NA,NA,NA,NA,1,NA, SMR/Theta , SMR/Theta ,,NA,up,"SMR Amplitude, Theta Amplitude",amplitude,,SD,NA,"Pre-Intervention, Post-Intervention","Pre-, Post-Intervention: Resting State (Open-Eyes, 4 minutes)",1,NA,NA,1,NA,NA,NA,NA,NA,NA,NA,NA,NA,NA,NA,NA,NA,NA,NA,NA,NA,NA,NA,NA,NA,NA,NA,NA,NA,NA,NA,NA,NA,NA,NA,NA,NA,NA,NA,NA,NA,NA,NA,NA,NA,NA,NA,NA,NA,NA,NA,NA,NA,NA,NA,NA,NA,NA,NA,NA,NA,NA,NA,NA,NA,NA,NA,NA,NA,NA,NA,NA,NA,NA,NA,NA,NA,NA,NA,NA,NA,NA,NA,NA,NA,NA,NA,NA,NA
34,Gadea,2020,Gadea,Effects of a single session of SMR neurofeedback training on anxiety and cortisol levels,,Spain,16,16,0,,NA,,2,3,2,2,"19,21",3,1,,,1800,,1,,1,,1,40,1,30,,NA,1,"1,2","13,16",2,2,9,1,NA,1,NA,SMR/Theta,999,,NA,up_down,"SMR, Theta Amplitude",amplitude,,SD,NA,Pre-Intervention vs. Post-Intervention,,1,NA,NA,1,NA,NA,NA,NA,NA,NA,NA,NA,NA,NA,NA,NA,NA,NA,NA,NA,NA,NA,NA,NA,NA,NA,NA,NA,NA,NA,NA,NA,NA,NA,NA,NA,NA,NA,NA,NA,NA,NA,NA,NA,NA,NA,NA,NA,NA,NA,NA,NA,NA,NA,NA,NA,NA,NA,NA,NA,NA,NA,NA,NA,NA,NA,NA,NA,NA,NA,NA,NA,NA,NA,NA,NA,NA,NA,NA,NA,NA,NA,NA,NA,NA,NA,NA,NA,NA
35,Gertz,1983,NA,NA,NA,NA,NA,NA,NA,NA,NA,NA,NA,NA,NA,NA,NA,NA,NA,NA,NA,NA,NA,NA,NA,NA,NA,NA,NA,NA,NA,NA,NA,NA,NA,NA,NA,NA,NA,NA,NA,1,NA, Target Frequency Adherence,999,,NA,up,Mean MF Delta Change Scores (Hz),999,,none,31,"Baseline, Feedback",,999,NA,NA,NA,NA,NA,NA,NA,NA,NA,NA,NA,NA,NA,NA,NA,NA,NA,NA,NA,NA,NA,NA,NA,NA,NA,NA,NA,NA,NA,NA,NA,NA,NA,NA,NA,NA,NA,NA,NA,NA,NA,NA,NA,NA,NA,NA,NA,NA,NA,NA,NA,NA,NA,NA,NA,NA,NA,NA,NA,NA,NA,NA,NA,NA,NA,NA,NA,NA,NA,NA,NA,NA,NA,NA,NA,NA,NA,NA,NA,NA,NA,NA,NA,NA,NA,NA,NA,NA
36,Gevensleben,2014,Gevensleben,Neurofeedback of slow cortical potentials: neural mechanisms and feasibility of a placebo-controlled design in healthy adults,,Germany,9,2,7,23.2,2.91,,3,3,1,2,"1,26",3,1,0.1,,6,6-Apr,120,,2,4-Feb,1,90,8,192,,NA,1,"4,13,12",16,2,2,8,1,NA,1,NA, Control of SCP Directionality,999,,NA,up,Regulation Index,999,,SD,31,"Each Session Data for Group (with Pos, Neg, and Regulation)","Pre-,Intermediate-,Post- Intervention Task: Continuous Performance Task",NA,1,1,NA,NA,NA,NA,NA,NA,NA,NA,NA,NA,NA,NA,NA,NA,NA,NA,NA,NA,NA,NA,NA,NA,NA,NA,NA,NA,NA,NA,NA,NA,NA,NA,NA,NA,NA,NA,NA,NA,NA,NA,NA,NA,NA,NA,NA,NA,NA,NA,NA,NA,NA,NA,NA,NA,NA,NA,NA,NA,NA,NA,NA,NA,NA,NA,NA,NA,NA,NA,NA,NA,NA,NA,NA,NA,NA,NA,NA,NA,NA,NA,NA,NA,NA,NA,NA,NA
37,Goksin,2019,Goksin,Improving short-term memory performance of healthy young males using alpha band neurofeedback,,Turkey,11,11,0,29,3.04,,1,3,1,2,"1,18,19","1,3",1,,,45,10,5,60-120,3,5-Jan,5,,10,56.25,3,NA,1,1,15,2,2,5,0,NA,1,NA, Alpha, Alpha,,NA,up,Alpha Band Power,power,,None,11,"AVG Baseline, AVG Each Session (5) Per Participant",,1,NA,NA,NA,NA,NA,1,NA,NA,NA,NA,NA,NA,NA,NA,NA,NA,NA,NA,NA,NA,NA,NA,NA,NA,NA,NA,NA,NA,NA,NA,NA,NA,NA,NA,NA,NA,NA,NA,NA,NA,NA,NA,NA,NA,NA,NA,NA,NA,NA,NA,NA,NA,NA,NA,NA,NA,NA,NA,NA,NA,NA,NA,NA,NA,NA,NA,NA,NA,NA,NA,NA,NA,NA,NA,NA,NA,NA,NA,NA,NA,NA,NA,NA,NA,NA,NA,NA,NA
38,Guleken,2020,Guleken,Investigation of the effects of transcranial direct current stimulation and neurofeedback by continuous performance test.,,Turkey,8,NA,NA,,NA,,1,3,2,2,"16,27","1,3",1,,1,180,,10,,1,,10,30,35,300,,NA,1,1,"13,15,16",2,2,8,1,1,1,NA, SMR, SMR,,NA,up,SMR Amplitude,amplitude,,SD,NA,"Each Post-Session for after 1, 2, 5, and 10th sessions","""Continuous Performance Task""",NA,NA,NA,NA,NA,NA,NA,NA,NA,NA,NA,NA,NA,NA,NA,NA,NA,NA,NA,NA,NA,NA,NA,NA,NA,NA,NA,NA,NA,NA,NA,NA,NA,NA,NA,NA,NA,NA,NA,NA,NA,NA,NA,NA,NA,NA,NA,NA,NA,NA,NA,NA,NA,NA,NA,NA,NA,NA,NA,NA,NA,NA,NA,NA,NA,NA,NA,NA,NA,NA,NA,NA,NA,NA,NA,NA,NA,NA,NA,NA,NA,NA,NA,NA,NA,NA,NA,NA,NA
39,Hellrung,2018,Hellrung_1,Intermittent compared to continuous real-time fMRI neurofeedback boosts control over amygdala activation,Continuous,Germany,16,16,0,25.8,2.4,,2,2,1,2,1,1,1,6-May,1,40,80,4,,3,,1,43.67,1,8,4,1,NA,,,1,1,10,2,NA,2,Continuous, Amygdala,, Amygdala,NA,up,Regulate minus Count Signal*,999,,SE,16,PSC over Each Session (3) and No Feedback Transfer,,NA,NA,NA,NA,1,NA,NA,NA,NA,NA,-0.06,0.44,0.16,0.47,NA,NA,0.52,0.75,0.11,0.26,NA,NA,NA,NA,NA,NA,NA,NA,NA,NA,NA,NA,NA,NA,NA,NA,NA,NA,NA,NA,NA,NA,NA,NA,NA,NA,NA,NA,NA,NA,NA,NA,NA,NA,NA,NA,NA,NA,NA,NA,NA,NA,NA,NA,NA,NA,NA,NA,NA,NA,NA,NA,NA,NA,NA,NA,NA,NA,NA,NA,NA,NA,NA,NA,NA,NA,NA,NA,NA
42,Hellrung,2018,Hellrung_2,Intermittent compared to continuous real-time fMRI neurofeedback boosts control over amygdala activation,Intermittent,Germany,18,18,0,27.8,3.8,,2,2,1,2,1,1,4,,1,40,80,4,,3,,1,43.67,1,8,4,1,NA,,,1,1,10,2,NA,2,Intermittent, Amygdala,, Amygdala,NA,up,Regulate minus Count Signal*,999,,SE,18,PSC over Each Session (3) and No Feedback Transfer,,NA,NA,NA,NA,1,NA,NA,NA,NA,NA,0.15,0.52,0.58,0.8,NA,NA,0.51,0.9,0.47,0.6,NA,NA,NA,NA,NA,NA,NA,NA,NA,NA,NA,NA,NA,NA,NA,NA,NA,NA,NA,NA,NA,NA,NA,NA,NA,NA,NA,NA,NA,NA,NA,NA,NA,NA,NA,NA,NA,NA,NA,NA,NA,NA,NA,NA,NA,NA,NA,NA,NA,NA,NA,NA,NA,NA,NA,NA,NA,NA,NA,NA,NA,NA,NA,NA,NA,NA,NA,NA,NA
43,Hoedlmoser,2008,Hoedlmoser,Instrumental Conditioning of Human Sensorimotor Rhythm (12-15 Hz) and Its Impact on Sleep as Well as Declarative Learning,,Austria,16,NA,NA,,NA,,2,3,2,2,"19,21,27","1,3",1,,,180,60,8,,1,1,10,60,10,240,,NA,1,1,16,2,2,7,0,NA,1,NA, SMR, SMR,,NA,up,Relative and Absolute Amplitudes,amplitude,,SD,NA,Early Intervention (2-4) and Late Intervention (8-10) Baselines and Intervention Data,Baseline (used for relative amplitude): Resting State EEG (Open-Eyes),999,NA,NA,NA,NA,NA,NA,NA,NA,NA,NA,NA,NA,NA,NA,NA,NA,NA,NA,NA,NA,NA,NA,NA,NA,NA,NA,NA,NA,NA,NA,NA,NA,NA,NA,NA,NA,NA,NA,NA,NA,NA,NA,NA,NA,NA,NA,NA,NA,NA,NA,NA,NA,NA,NA,NA,NA,NA,NA,NA,NA,NA,NA,NA,NA,NA,NA,NA,NA,NA,NA,NA,NA,NA,NA,NA,NA,NA,NA,NA,NA,NA,NA,NA,NA,NA,NA,NA,NA
44,Keizer,2010,Keizer_2,The effect of gamma enhancing neurofeedback on the control of feature bindings and intelligence measures.,Control,Netherlands,7,NA,NA,,NA,,3,3,2,2,19,3,1,0.125,9,1800,,1,,1,0-1,8,30,11-Oct,240,,NA,1,1,"10,11",2,2,8,1,NA,NA,NA,NA,NA,NA,NA,NA,NA,NA,NA,NA,NA,NA,NA,NA,NA,NA,NA,NA,NA,NA,NA,NA,NA,NA,NA,NA,NA,NA,NA,NA,NA,NA,NA,NA,NA,NA,NA,NA,NA,NA,NA,NA,NA,NA,NA,NA,NA,NA,NA,NA,NA,NA,NA,NA,NA,NA,NA,NA,NA,NA,NA,NA,NA,NA,NA,NA,NA,NA,NA,NA,NA,NA,NA,NA,NA,NA,NA,NA,NA,NA,NA,NA,NA,NA,NA,NA,NA,NA,NA,NA,NA,NA,NA,NA,NA,NA,NA,NA,NA,NA,NA,NA
45,Keizer,2010,Keizer_1,The effect of gamma enhancing neurofeedback on the control of feature bindings and intelligence measures.,Gamma Up,Netherlands,7,NA,NA,,NA,,3,3,2,2,19,3,1,0.125,9,1800,,1,,1,0-1,8,30,11-Oct,240,,NA,1,"1,2","10,11",2,2,8,1,NA,NA,NA,NA,NA,NA,NA,NA,NA,NA,NA,NA,NA,NA,NA,NA,NA,NA,NA,NA,NA,NA,NA,NA,NA,NA,NA,NA,NA,NA,NA,NA,NA,NA,NA,NA,NA,NA,NA,NA,NA,NA,NA,NA,NA,NA,NA,NA,NA,NA,NA,NA,NA,NA,NA,NA,NA,NA,NA,NA,NA,NA,NA,NA,NA,NA,NA,NA,NA,NA,NA,NA,NA,NA,NA,NA,NA,NA,NA,NA,NA,NA,NA,NA,NA,NA,NA,NA,NA,NA,NA,NA,NA,NA,NA,NA,NA,NA,NA,NA,NA,NA,NA,NA
46,Keynan,2016,Keynan_2,Limbic Activity Modulation Guided by Functional Magnetic Resonance Imaging???Inspired Electroencephalography Improves Implicit Emotion Regulation,Experiment 2,Israel,7,NA,NA,,NA,23-29,2,"2,3",2,2,19,"2,3",,,1,300,,5,,1,1,1,30,1,25,,NA,1,2,,2,1,8,1,NA,NA,NA,NA,NA,NA,NA,NA,NA,NA,NA,NA,NA,NA,NA,NA,NA,NA,NA,NA,NA,NA,NA,NA,NA,NA,NA,NA,NA,NA,NA,NA,NA,NA,NA,NA,NA,NA,NA,NA,NA,NA,NA,NA,NA,NA,NA,NA,NA,NA,NA,NA,NA,NA,NA,NA,NA,NA,NA,NA,NA,NA,NA,NA,NA,NA,NA,NA,NA,NA,NA,NA,NA,NA,NA,NA,NA,NA,NA,NA,NA,NA,NA,NA,NA,NA,NA,NA,NA,NA,NA,NA,NA,NA,NA,NA,NA,NA,NA,NA,NA,NA,NA,NA
47,Keynan,2016,Keynan_3,Limbic Activity Modulation Guided by Functional Magnetic Resonance Imaging???Inspired Electroencephalography Improves Implicit Emotion Regulation,Experiment 1 EFP Test,Israel,15,NA,NA,,NA,,2,3,2,2,19,2,1,,,420,,4,,1,,1,35,1,28,,NA,12,,16,2,2,8,1,NA,NA,NA,NA,NA,NA,NA,NA,NA,NA,NA,NA,NA,NA,NA,NA,NA,NA,NA,NA,NA,NA,NA,NA,NA,NA,NA,NA,NA,NA,NA,NA,NA,NA,NA,NA,NA,NA,NA,NA,NA,NA,NA,NA,NA,NA,NA,NA,NA,NA,NA,NA,NA,NA,NA,NA,NA,NA,NA,NA,NA,NA,NA,NA,NA,NA,NA,NA,NA,NA,NA,NA,NA,NA,NA,NA,NA,NA,NA,NA,NA,NA,NA,NA,NA,NA,NA,NA,NA,NA,NA,NA,NA,NA,NA,NA,NA,NA,NA,NA,NA,NA,NA,NA
48,Keynan,2016,Keynan_1,Limbic Activity Modulation Guided by Functional Magnetic Resonance Imaging???Inspired Electroencephalography Improves Implicit Emotion Regulation,Experiment 1,Israel,15,NA,NA,,NA,22-29,2,"2,3",2,2,19,"2,3",1,3,,420,,4,,1,1,1,35,1,28,,8,1,2,,2,1,8,1,NA,NA,NA,NA,NA,NA,NA,NA,NA,NA,NA,NA,NA,NA,NA,NA,NA,NA,NA,NA,NA,NA,NA,NA,NA,NA,NA,NA,NA,NA,NA,NA,NA,NA,NA,NA,NA,NA,NA,NA,NA,NA,NA,NA,NA,NA,NA,NA,NA,NA,NA,NA,NA,NA,NA,NA,NA,NA,NA,NA,NA,NA,NA,NA,NA,NA,NA,NA,NA,NA,NA,NA,NA,NA,NA,NA,NA,NA,NA,NA,NA,NA,NA,NA,NA,NA,NA,NA,NA,NA,NA,NA,NA,NA,NA,NA,NA,NA,NA,NA,NA,NA,NA,NA
49,Keynan,2019,NA,NA,NA,NA,NA,NA,NA,NA,NA,NA,NA,NA,NA,NA,NA,NA,NA,NA,NA,NA,NA,NA,NA,NA,NA,NA,NA,NA,NA,NA,NA,NA,NA,NA,NA,NA,NA,NA,NA,2,Amygdala-EFP-NF, Amygdala EFP Power,999,,NA,down,Regulate minus Attend Signal*,999,,SD,NA,Each Session,,NA,1,1,NA,NA,NA,1,NA,NA,NA,-0.05,0.13,-0.16,0.2,NA,NA,NA,NA,-0.09,0.13,-0.09,0.15,-0.1,0.17,-0.12,0.18,NA,NA,NA,NA,NA,NA,NA,NA,NA,NA,NA,NA,NA,NA,NA,NA,NA,NA,NA,NA,NA,NA,NA,NA,NA,NA,NA,NA,NA,NA,NA,NA,NA,NA,NA,NA,NA,NA,NA,NA,NA,NA,NA,NA,NA,NA,NA,NA,NA,NA,NA,NA,NA,NA,NA,NA,NA,NA,NA,NA,NA,NA,NA
50,Keynan,2019,NA,NA,NA,NA,NA,NA,NA,NA,NA,NA,NA,NA,NA,NA,NA,NA,NA,NA,NA,NA,NA,NA,NA,NA,NA,NA,NA,NA,NA,NA,NA,NA,NA,NA,NA,NA,NA,NA,NA,2,Control-EEG-NF, Alpha/Theta ,999,,NA,down,Regulate minus Attend Signal*,999,,SD,NA,Each Session,,NA,1,1,NA,NA,NA,1,NA,NA,NA,0.002,0.07,-0.043,0.1,NA,NA,NA,NA,0.005,0.1,0.01,0.08,-0.011,0.1,-0.04,0.09,NA,NA,NA,NA,NA,NA,NA,NA,NA,NA,NA,NA,NA,NA,NA,NA,NA,NA,NA,NA,NA,NA,NA,NA,NA,NA,NA,NA,NA,NA,NA,NA,NA,NA,NA,NA,NA,NA,NA,NA,NA,NA,NA,NA,NA,NA,NA,NA,NA,NA,NA,NA,NA,NA,NA,NA,NA,NA,NA,NA,NA,NA,NA
51,Kober,2013,Kober_4,Learning to modulate one's own brain activity: the effect of spontaneous mental strategies.,SMR,Austria,10,5,5,46,3.98,,1,3,2,2,"1,19,24,27","1,3",1,,,180,,6,,1,,10,21,21,180,"1,2,3,4,6,8",NA,1,1,16,1,2,9,1,NA,1,NA, SMR/Gamma,999,,NA,up,Z-Transformed SMR Power,power,,SD,31,"First Session, Last Session",,NA,1,1,NA,NA,NA,NA,NA,NA,NA,NA,NA,NA,NA,NA,NA,NA,NA,NA,NA,NA,NA,NA,NA,NA,NA,NA,NA,NA,NA,NA,NA,NA,NA,NA,NA,NA,NA,NA,NA,NA,NA,NA,NA,NA,NA,NA,NA,NA,NA,NA,NA,NA,NA,NA,NA,NA,NA,NA,NA,NA,NA,NA,NA,NA,NA,NA,NA,NA,NA,NA,NA,NA,NA,NA,NA,NA,NA,NA,NA,NA,NA,NA,NA,NA,NA,NA,NA,NA
53,Kober,2020,Kober_1,Differential Effects of Up- and Down-Regulation of SMR Coherence on EEG Activity and Memory Performance: A Neurofeedback Training Study.,SMR Coherence Upregulation,Austria,10,5,5,24.5,2.22,,1,3,1,2,"1,21","1,3",1,1,,180,,6,,1,3-Jan,10,21,21-28,180,"1,2,3,4,5,9,8",NA,11,,16,2,2,9,1,NA,2,Downregulate," SMR Coherence, MAINTAIN Beta and Theta",999,"Cz, Pz",NA,down,"SMR Power, Beta Power, Theta Power",power,,SE,10,Each Session (averaged across baseline and six runs),Baseline: NF Stimulus instructed no control,1,1,1,NA,NA,NA,1,NA,NA,NA,NA,NA,NA,NA,NA,NA,NA,NA,NA,NA,NA,NA,NA,NA,NA,NA,NA,NA,NA,NA,NA,NA,NA,NA,NA,NA,NA,NA,NA,NA,NA,NA,NA,NA,NA,NA,NA,NA,NA,NA,NA,NA,NA,NA,NA,NA,NA,NA,NA,NA,NA,NA,NA,NA,NA,NA,NA,NA,NA,NA,NA,NA,NA,NA,NA,NA,NA,NA,NA,NA,NA,NA,NA,NA,NA,NA,NA,NA,NA
54,Kober,2020,Kober_2,Differential Effects of Up- and Down-Regulation of SMR Coherence on EEG Activity and Memory Performance: A Neurofeedback Training Study.,SMR Coherence Down,Austria,10,5,5,25.3,2.16,,1,3,1,2,"1,21","1,3",1,1,,180,,6,,1,3-Jan,10,21,21-28,180,"1,2,3,4,5,9,8",NA,11,,16,2,2,9,1,NA,2,Upregulate, SMR Coherence, SMR,"Cz, Pz",NA,up,SMR Power,fc,,SE,10,Each Session (averaged across baseline and six runs),Baseline: NF Stimulus instructed no control,1,1,1,NA,NA,NA,1,NA,NA,NA,NA,NA,NA,NA,NA,NA,NA,NA,NA,NA,NA,NA,NA,NA,NA,NA,NA,NA,NA,NA,NA,NA,NA,NA,NA,NA,NA,NA,NA,NA,NA,NA,NA,NA,NA,NA,NA,NA,NA,NA,NA,NA,NA,NA,NA,NA,NA,NA,NA,NA,NA,NA,NA,NA,NA,NA,NA,NA,NA,NA,NA,NA,NA,NA,NA,NA,NA,NA,NA,NA,NA,NA,NA,NA,NA,NA,NA,NA,NA
56,Kober,2022,Kober_3,Triathletes are experts in self-regulating physical activity ??? But what about self-regulating neural activity?,triathletes,Austria,13,5,8,29.31,5.27,,2,3,2,2,1,1,1,0.1,,180,,9,,1,,1,45,1,27,,NA,1,"1,2","10,13,16",1,2,9,1,NA,2,Triathletes, SMR, SMR,Cz,NA,up,SMR Power,power,,SE,13,Per Baseline and Mean Each Run,Baseline: NF Stimulus instructed no control,1,1,1,NA,NA,NA,NA,NA,1.77,0.22,2.06,0.32,2.31,0.3,,,NA,NA,2.03,0.25,1.96,0.2,1.81,0.21,1.87,0.22,2.22,0.34,2.27,0.28,2.17,0.28,,,NA,NA,NA,NA,NA,NA,NA,NA,NA,NA,NA,NA,NA,NA,NA,NA,NA,NA,NA,NA,NA,NA,NA,NA,NA,NA,NA,NA,NA,NA,NA,NA,NA,NA,NA,NA,NA,NA,NA,NA,NA,NA,NA,NA,NA,NA,NA,NA,NA,NA,NA,NA,NA,NA,NA
,Kober,2022,Kober_3,Triathletes are experts in self-regulating physical activity ??? But what about self-regulating neural activity?,,,,,,,,,,,,,,,,,,,,,,,,,,,,,,,,,,,,,,,,,,,,,,,,,,,,,,,,,,,,1.81,0.24,1.67,0.19,1.93,0.24,,,,,1.92,0.25,1.9,0.24,1.93,0.25,1.99,0.22,2.11,0.29,1.86,0.24,1.95,0.31,,,,,,,,,,,,,,,,,,,,,,,,,,,,,,,,,,,,,,,,,,,,,,,,,,,,,,,,,
58,Koush,2013,NA,NA,NA,NA,NA,NA,NA,NA,NA,NA,NA,NA,NA,NA,NA,NA,NA,NA,NA,NA,NA,NA,NA,NA,NA,NA,NA,NA,NA,NA,NA,NA,NA,NA,NA,NA,NA,NA,NA,1,NA, Alpha, Alpha,,NA,up,,999,,,NA,,,999,NA,NA,NA,NA,NA,NA,NA,NA,NA,NA,NA,NA,NA,NA,NA,NA,NA,NA,NA,NA,NA,NA,NA,NA,NA,NA,NA,NA,NA,NA,NA,NA,NA,NA,NA,NA,NA,NA,NA,NA,NA,NA,NA,NA,NA,NA,NA,NA,NA,NA,NA,NA,NA,NA,NA,NA,NA,NA,NA,NA,NA,NA,NA,NA,NA,NA,NA,NA,NA,NA,NA,NA,NA,NA,NA,NA,NA,NA,NA,NA,NA,NA,NA,NA,NA,NA,NA,NA
59,Koush,2013,NA,NA,NA,NA,NA,NA,NA,NA,NA,NA,NA,NA,NA,NA,NA,NA,NA,NA,NA,NA,NA,NA,NA,NA,NA,NA,NA,NA,NA,NA,NA,NA,NA,NA,NA,NA,NA,NA,NA,1,NA, SPL/VC Connectivity,,999,NA,up,Activity PSC,999,,?,14,"Pre-Intervention, Post-Intervention","Pre-, Post-Intervention: Resting State (Open-Eyes, 4 minutes)",1,NA,NA,1,NA,NA,NA,NA,NA,NA,NA,NA,NA,NA,NA,NA,NA,NA,NA,NA,NA,NA,NA,NA,NA,NA,NA,NA,NA,NA,NA,NA,NA,NA,NA,NA,NA,NA,NA,NA,NA,NA,NA,NA,NA,NA,NA,NA,NA,NA,NA,NA,NA,NA,NA,NA,NA,NA,NA,NA,NA,NA,NA,NA,NA,NA,NA,NA,NA,NA,NA,NA,NA,NA,NA,NA,NA,NA,NA,NA,NA,NA,NA,NA,NA,NA,NA,NA,NA
60,Krogmeier,2022,NA,NA,NA,NA,NA,NA,NA,NA,NA,NA,NA,NA,NA,NA,NA,NA,NA,NA,NA,NA,NA,NA,NA,NA,NA,NA,NA,NA,NA,NA,NA,NA,NA,NA,NA,NA,NA,NA,NA,1,NA, Frontal Alpha Asymmetry,alpha,,NA,up,Frontal Alpha Asymmetry,asymmetry,,none,18,Each Intervention Block Individual Data,,999,NA,NA,NA,NA,NA,NA,NA,NA,NA,NA,NA,NA,NA,NA,NA,NA,NA,NA,NA,NA,NA,NA,NA,NA,NA,NA,NA,NA,NA,NA,NA,NA,NA,NA,NA,NA,NA,NA,NA,NA,NA,NA,NA,NA,NA,NA,NA,NA,NA,NA,NA,NA,NA,NA,NA,NA,NA,NA,NA,NA,NA,NA,NA,NA,NA,NA,NA,NA,NA,NA,NA,NA,NA,NA,NA,NA,NA,NA,NA,NA,NA,NA,NA,NA,NA,NA,NA,NA
61,Lee,2019,Lee,The Analysis of Electroencephalography Changes Before and After a Single Neurofeedback Alpha/Theta Training Session in University Students.,,Republic of Korea,27,21,6,26.25,NA,,1,3,2,2,19,"1,3",1,,,1800,,1,,1,,1,45,1,30,,NA,1,1,"1,13,15",2,2,9,1,NA,1,NA, Theta/Alpha ,999,Pz,NA,up,"Alpha Power, Theta Power",999,,SE,27,"Each Channel, for Pre- and Post- Intervention",Resting State,1,NA,NA,1,NA,NA,NA,NA,NA,NA,NA,NA,NA,NA,NA,NA,NA,NA,NA,NA,NA,NA,NA,NA,NA,NA,NA,NA,NA,NA,NA,NA,NA,NA,NA,NA,NA,NA,NA,NA,NA,NA,NA,NA,NA,NA,NA,NA,NA,NA,NA,NA,NA,NA,NA,NA,NA,NA,NA,NA,NA,NA,NA,NA,NA,NA,NA,NA,NA,NA,NA,NA,NA,NA,NA,NA,NA,NA,NA,NA,NA,NA,NA,NA,NA,NA,NA,NA,NA
62,Li,2018,Li,Improving motivation through real-time fMRI-based self-regulation of the nucleus accumbens.,,China,19,NA,19,,NA,,2,2,1,2,27,1,1,5-Apr,1,30,45,5,,5,1,2,37.25,4,25,,1,NA,,,2,1,9,1,NA,1,NA, Nucleus Accumbens,, Nucleus Accumbens,NA,up,Bold Difference of Training-Baseline,difference,,SEM,19,Each Session Training-Baseline,Baseline:Turn the stimuli down (decrease),999,NA,NA,NA,NA,NA,NA,NA,NA,NA,NA,NA,NA,NA,NA,NA,NA,NA,NA,NA,NA,NA,NA,NA,NA,NA,NA,NA,NA,NA,NA,NA,NA,NA,NA,NA,NA,NA,NA,NA,NA,NA,NA,NA,NA,NA,NA,NA,NA,NA,NA,NA,NA,NA,NA,NA,NA,NA,NA,NA,NA,NA,NA,NA,NA,NA,NA,NA,NA,NA,NA,NA,NA,NA,NA,NA,NA,NA,NA,NA,NA,NA,NA,NA,NA,NA,NA,NA,NA
63,Marins,2019,Marins,Structural and functional connectivity changes in response to short-term neurofeedback training with motor imagery,,Brazil,19,7,12,27.7,4.04,,3,2,2,2,1,1,1,,9,20,20,8,,3,,1,16,1,8,,10,NA,,,1,2,10,2,NA,1,NA, Motor Imagery Network,999,,NA,up,SMR & DMN Connectivity,fc,,SD,NA,Pre-Intervention vs. Post-Intervention,"DMN Pre-Post-: Resting State, SMN Pre-Post-: Motor Imagery",1,NA,NA,1,NA,NA,NA,NA,NA,NA,NA,NA,NA,NA,NA,NA,NA,NA,NA,NA,NA,NA,NA,NA,NA,NA,NA,NA,NA,NA,NA,NA,NA,NA,NA,NA,NA,NA,NA,NA,NA,NA,NA,NA,NA,NA,NA,NA,NA,NA,NA,NA,NA,NA,NA,NA,NA,NA,NA,NA,NA,NA,NA,NA,NA,NA,NA,NA,NA,NA,NA,NA,NA,NA,NA,NA,NA,NA,NA,NA,NA,NA,NA,NA,NA,NA,NA,NA,NA
64,Maszczyk,2018,Maszczyk,Neurofeedback for the enhancement of dynamic balance of judokas,,Poland,8,NA,NA,,NA,,3,3,2,2,"21,26",3,1,,,1500,,1,,1,5-Apr,15,45,35,375,,NA,1,1,15,2,2,7,1,NA,1,NA, Beta/Theta , Beta/Theta ,,NA,up,Theta & Beta Absolute Value,999,,SD,NA,"Pre-Intervention, Post-Intervention","Pre-, Post-Intervention: Resting State (Eyes Open)",1,NA,NA,1,NA,NA,NA,NA,NA,NA,NA,NA,NA,NA,NA,NA,NA,NA,NA,NA,NA,NA,NA,NA,NA,NA,NA,NA,NA,NA,NA,NA,NA,NA,NA,NA,NA,NA,NA,NA,NA,NA,NA,NA,NA,NA,NA,NA,NA,NA,NA,NA,NA,NA,NA,NA,NA,NA,NA,NA,NA,NA,NA,NA,NA,NA,NA,NA,NA,NA,NA,NA,NA,NA,NA,NA,NA,NA,NA,NA,NA,NA,NA,NA,NA,NA,NA,NA,NA
65,Mayeli,2020,NA,NA,NA,NA,NA,NA,NA,NA,NA,NA,NA,NA,NA,NA,NA,NA,NA,NA,NA,NA,NA,NA,NA,NA,NA,NA,NA,NA,NA,NA,NA,NA,NA,NA,NA,NA,NA,NA,NA,1,NA, vmPFC Activity,, vmpfc,NA,up,vmPFC Activity PSC,psc,,SE,27,"Pre-Intervention, Rehearsal w/Feedback, Intervention, Post-Intervention","RE & TR: Think about things important to them (no feedback), PR: Free to choose strategies",1,1,NA,1,NA,NA,NA,NA,NA,NA,NA,NA,NA,NA,NA,NA,NA,NA,NA,NA,NA,NA,NA,NA,NA,NA,NA,NA,NA,NA,NA,NA,NA,NA,NA,NA,NA,NA,NA,NA,NA,NA,NA,NA,NA,NA,NA,NA,NA,NA,NA,NA,NA,NA,NA,NA,NA,NA,NA,NA,NA,NA,NA,NA,NA,NA,NA,NA,NA,NA,NA,NA,NA,NA,NA,NA,NA,NA,NA,NA,NA,NA,NA,NA,NA,NA,NA,NA,NA
66,Mayer,2012,NA,NA,NA,NA,NA,NA,NA,NA,NA,NA,NA,NA,NA,NA,NA,NA,NA,NA,NA,NA,NA,NA,NA,NA,NA,NA,NA,NA,NA,NA,NA,NA,NA,NA,NA,NA,NA,NA,NA,1,NA,,999,,NA,down,,999,,,31,,,999,NA,NA,NA,NA,NA,NA,NA,NA,NA,NA,NA,NA,NA,NA,NA,NA,NA,NA,NA,NA,NA,NA,NA,NA,NA,NA,NA,NA,NA,NA,NA,NA,NA,NA,NA,NA,NA,NA,NA,NA,NA,NA,NA,NA,NA,NA,NA,NA,NA,NA,NA,NA,NA,NA,NA,NA,NA,NA,NA,NA,NA,NA,NA,NA,NA,NA,NA,NA,NA,NA,NA,NA,NA,NA,NA,NA,NA,NA,NA,NA,NA,NA,NA,NA,NA,NA,NA,NA
67,Mehran,2013,Mehran,Brain Inconspicuous Effect by Local Sinusoidal Extremely Low Frequency Magnetic Exposure Based on Wavelet Packet Analysis: Innovation in Online Passive Neurofeedback Therapy by the Neuro-LSELF System,,Iran,8,NA,NA,,NA,,3,3,1,2,26,3,1,1,,600,,1,,1,2,10,,20,100,,NA,1,"1,2",15,2,2,7,0,NA,NA,NA,NA,NA,NA,NA,NA,NA,NA,NA,NA,NA,NA,NA,NA,NA,NA,NA,NA,NA,NA,NA,NA,NA,NA,NA,NA,NA,NA,NA,NA,NA,NA,NA,NA,NA,NA,NA,NA,NA,NA,NA,NA,NA,NA,NA,NA,NA,NA,NA,NA,NA,NA,NA,NA,NA,NA,NA,NA,NA,NA,NA,NA,NA,NA,NA,NA,NA,NA,NA,NA,NA,NA,NA,NA,NA,NA,NA,NA,NA,NA,NA,NA,NA,NA,NA,NA,NA,NA,NA,NA,NA,NA,NA,NA,NA,NA,NA,NA,NA,NA,NA,NA
68,Miroslaw,2022,Miroslaw,"Neuronal activity in the brain changes during exercise in attention states, warm-up, submaximal effort, and recovery, after neurofeedback-EEG training in motion",,Poland,NA,NA,NA,18-25,NA,,1,3,2,2,26,3,1,,,300,30,6,,NA,7,20,32,120,600,6,NA,1,2,10,2,2,8,1,NA,NA,NA,NA,NA,NA,NA,NA,NA,NA,NA,NA,NA,NA,NA,NA,NA,NA,NA,NA,NA,NA,NA,NA,NA,NA,NA,NA,NA,NA,NA,NA,NA,NA,NA,NA,NA,NA,NA,NA,NA,NA,NA,NA,NA,NA,NA,NA,NA,NA,NA,NA,NA,NA,NA,NA,NA,NA,NA,NA,NA,NA,NA,NA,NA,NA,NA,NA,NA,NA,NA,NA,NA,NA,NA,NA,NA,NA,NA,NA,NA,NA,NA,NA,NA,NA,NA,NA,NA,NA,NA,NA,NA,NA,NA,NA,NA,NA,NA,NA,NA,NA,NA,NA
69,Naas,2019,Naas,"Neurofeedback training with a low-priced EEG device leads to faster alpha enhancement but shows no effect on cognitive performance: A single-blind, sham-feedback study",,Switzerland,17,5,12,21.29,NA,,2,3,1,2,"24,27",3,1,,1,180,30,5,,1,1,4,37,4,60,"2,3,4,9",NA,1,1,1,2,1,8,1,NA,1,NA, Individual Upper Alpha Amplitude, Alpha,,NA,up,IUA Amplitude/EEG Amplitude Ratio,amplitude,y,SD,NA,"First 2 Periods (1,2) vs. Last 2 Periods (19,20)",,NA,1,1,NA,NA,NA,NA,NA,NA,NA,NA,NA,NA,NA,NA,NA,NA,NA,NA,NA,NA,NA,NA,NA,NA,NA,NA,NA,NA,NA,NA,NA,NA,NA,NA,NA,NA,NA,NA,NA,NA,NA,NA,NA,NA,NA,NA,NA,NA,NA,NA,NA,NA,NA,NA,NA,NA,NA,NA,NA,NA,NA,NA,NA,NA,NA,NA,NA,NA,NA,NA,NA,NA,NA,NA,NA,NA,NA,NA,NA,NA,NA,NA,NA,NA,NA,NA,NA,NA
70,Nam,2020,Nam_2,Effect of Threshold Setting on Neurofeedback Training,medium freq threshold,Republic of Korea,17,4,13,23.06,2.11,,1,3,2,2,"1,19,21,24,27","1,3",1,,,600,60-120,4,,1,,1,60,1,40,,NA,1,"1,2","15,16",2,2,9,1,NA,3,High Frequency Threshold," SMR, MAINTAIN High Beta and Theta",999,Cz,NA,up,SMR Power,power,,SD,NA,"Pre-Intervention, 1st Block, Post-Intervention","Baseline: Resting state EEG, Post Block: No stimuli, but control EEG",1,1,NA,1,NA,NA,NA,NA,NA,NA,NA,NA,NA,NA,NA,NA,NA,NA,NA,NA,NA,NA,NA,NA,NA,NA,NA,NA,NA,NA,NA,NA,NA,NA,NA,NA,NA,NA,NA,NA,NA,NA,NA,NA,NA,NA,NA,NA,NA,NA,NA,NA,NA,NA,NA,NA,NA,NA,NA,NA,NA,NA,NA,NA,NA,NA,NA,NA,NA,NA,NA,NA,NA,NA,NA,NA,NA,NA,NA,NA,NA,NA,NA,NA,NA,NA,NA,NA,NA
75,Nam,2020,Nam_1,Effect of Threshold Setting on Neurofeedback Training,low freq threshold,Republic of Korea,19,3,16,22.11,2.16,,1,3,2,2,"1,19,21,24,27","1,3",1,,,600,60-120,4,,1,,1,60,1,40,,NA,1,"1,2","15,16",2,2,9,1,NA,3,Low Frequency Threshold," SMR, MAINTAIN High Beta and Theta",999,Cz,NA,up,SMR Power,power,,SD,NA,"Pre-Intervention, 1st Block, Post-Intervention","Pre-Intervention: Resting state EEG, Post Block: No stimuli, but control EEG",1,1,NA,1,NA,NA,NA,NA,NA,NA,NA,NA,NA,NA,NA,NA,NA,NA,NA,NA,NA,NA,NA,NA,NA,NA,NA,NA,NA,NA,NA,NA,NA,NA,NA,NA,NA,NA,NA,NA,NA,NA,NA,NA,NA,NA,NA,NA,NA,NA,NA,NA,NA,NA,NA,NA,NA,NA,NA,NA,NA,NA,NA,NA,NA,NA,NA,NA,NA,NA,NA,NA,NA,NA,NA,NA,NA,NA,NA,NA,NA,NA,NA,NA,NA,NA,NA,NA,NA
76,Nam,2020,Nam_3,Effect of Threshold Setting on Neurofeedback Training,high freq threshold,Republic of Korea,20,5,15,22.7,2.83,,1,3,2,2,"1,19,21,24,27","1,3",1,,,600,60-120,4,,1,,1,60,1,40,,NA,1,"1,2","15,16",2,2,9,1,NA,3,High Frequency Threshold," SMR, MAINTAIN High Beta and Theta",999,Cz,NA,up,SMR Power,power,,SD,NA,"Pre-Intervention, 1st Block, Post-Intervention","Baseline: Resting state EEG, Post Block: No stimuli, but control EEG",1,1,NA,1,NA,NA,NA,NA,NA,NA,NA,NA,NA,NA,NA,NA,NA,NA,NA,NA,NA,NA,NA,NA,NA,NA,NA,NA,NA,NA,NA,NA,NA,NA,NA,NA,NA,NA,NA,NA,NA,NA,NA,NA,NA,NA,NA,NA,NA,NA,NA,NA,NA,NA,NA,NA,NA,NA,NA,NA,NA,NA,NA,NA,NA,NA,NA,NA,NA,NA,NA,NA,NA,NA,NA,NA,NA,NA,NA,NA,NA,NA,NA,NA,NA,NA,NA,NA,NA
79,Navarro Gil,2018,NA,NA,NA,NA,NA,NA,NA,NA,NA,NA,NA,NA,NA,NA,NA,NA,NA,NA,NA,NA,NA,NA,NA,NA,NA,NA,NA,NA,NA,NA,NA,NA,NA,NA,NA,NA,NA,NA,NA,1,NA, Upper Alpha,alpha,,NA,up,Upper Alpha Power,power,,SEM,24,"Pre-, Post Intervention",Pre-Post Intervention: REST: EEG Resting State Eyes Closed (3 min) TASK: Eyes open color change task,1,NA,NA,1,NA,NA,NA,NA,NA,NA,NA,NA,NA,NA,NA,NA,NA,NA,NA,NA,NA,NA,NA,NA,NA,NA,NA,NA,NA,NA,NA,NA,NA,NA,NA,NA,NA,NA,NA,NA,NA,NA,NA,NA,NA,NA,NA,NA,NA,NA,NA,NA,NA,NA,NA,NA,NA,NA,NA,NA,NA,NA,NA,NA,NA,NA,NA,NA,NA,NA,NA,NA,NA,NA,NA,NA,NA,NA,NA,NA,NA,NA,NA,NA,NA,NA,NA,NA,NA
80,Paret,2016,NA,NA,NA,NA,NA,NA,NA,NA,NA,NA,NA,NA,NA,NA,NA,NA,NA,NA,NA,NA,NA,NA,NA,NA,NA,NA,NA,NA,NA,NA,NA,NA,NA,NA,NA,NA,NA,NA,NA,1,NA, Amygdala,, Amygdala,NA,down,,999,,,31,,,999,NA,NA,NA,NA,NA,NA,NA,NA,NA,NA,NA,NA,NA,NA,NA,NA,NA,NA,NA,NA,NA,NA,NA,NA,NA,NA,NA,NA,NA,NA,NA,NA,NA,NA,NA,NA,NA,NA,NA,NA,NA,NA,NA,NA,NA,NA,NA,NA,NA,NA,NA,NA,NA,NA,NA,NA,NA,NA,NA,NA,NA,NA,NA,NA,NA,NA,NA,NA,NA,NA,NA,NA,NA,NA,NA,NA,NA,NA,NA,NA,NA,NA,NA,NA,NA,NA,NA,NA
81,Patel,2021,Patel,Using EEG Alpha States to Understand Learning During Alpha Neurofeedback Training for Chronic Pain,,UK,4,NA,NA,,NA,,1,3,2,2,"22,27",1,1,,10,300,60,2,,1,7-Jan,5,21,21,50,,NA,1,1,1,2,2,8,1,NA,1,NA, Alpha, Alpha,,NA,up,Alpha Amplitude,amplitude,,SD,NA,Each Session (5) for Group,,NA,1,1,NA,NA,NA,1,NA,NA,NA,-0.24,1.27,-0.32,1.32,NA,NA,NA,NA,0.14,1.71,0.07,0.89,-0.01,1.17,NA,NA,NA,NA,NA,NA,NA,NA,NA,NA,NA,NA,NA,NA,NA,NA,NA,NA,NA,NA,NA,NA,NA,NA,NA,NA,NA,NA,NA,NA,NA,NA,NA,NA,NA,NA,NA,NA,NA,NA,NA,NA,NA,NA,NA,NA,NA,NA,NA,NA,NA,NA,NA,NA,NA,NA,NA,NA,NA,NA,NA,NA,NA,NA,NA
82,Perez-Elvira,2021,Perez-Elvira_2,Enhancing the Effects of Neurofeedback Training: The Motivational Value of the Reinforcers.,NF-Imposed,Spain,45,21,24,38.42,12.17,,2,3,2,2,"26,27",3,1,0.032,,,,,,NA,,1,,1,,,NA,1,1,16,2,2,9,1,NA,2,Imposed, SMR, SMR,,NA,up,SMR Value*,999,,SD,NA,Pre-Intervention vs. Post-Intervention,"Pre-, Post-Intervention: Resting State EEG (Eyes Open)",1,NA,NA,1,NA,NA,NA,NA,NA,NA,NA,NA,NA,NA,NA,NA,NA,NA,NA,NA,NA,NA,NA,NA,NA,NA,NA,NA,NA,NA,NA,NA,NA,NA,NA,NA,NA,NA,NA,NA,NA,NA,NA,NA,NA,NA,NA,NA,NA,NA,NA,NA,NA,NA,NA,NA,NA,NA,NA,NA,NA,NA,NA,NA,NA,NA,NA,NA,NA,NA,NA,NA,NA,NA,NA,NA,NA,NA,NA,NA,NA,NA,NA,NA,NA,NA,NA,NA,NA
85,Perez-Elvira,2021,Perez-Elvira_1,Enhancing the Effects of Neurofeedback Training: The Motivational Value of the Reinforcers.,NF-Selected,Spain,48,19,29,35.9,12.02,,2,3,2,2,"20,23",3,1,0.032,,,,,,NA,,1,,1,,,NA,1,1,16,2,2,9,1,NA,2,Selected, SMR, SMR,,NA,up,SMR Value*,999,,SD,NA,Pre-Intervention vs. Post-Intervention,"Pre-, Post-Intervention: Resting State EEG (Eyes Open)",1,NA,NA,1,NA,NA,NA,NA,NA,NA,NA,NA,NA,NA,NA,NA,NA,NA,NA,NA,NA,NA,NA,NA,NA,NA,NA,NA,NA,NA,NA,NA,NA,NA,NA,NA,NA,NA,NA,NA,NA,NA,NA,NA,NA,NA,NA,NA,NA,NA,NA,NA,NA,NA,NA,NA,NA,NA,NA,NA,NA,NA,NA,NA,NA,NA,NA,NA,NA,NA,NA,NA,NA,NA,NA,NA,NA,NA,NA,NA,NA,NA,NA,NA,NA,NA,NA,NA,NA
86,Pimenta,2018,Pimenta_2,Neurofeedback of SMR and Beta1 Frequencies: An Investigation of Learning Indices and Frequency-Speci???c E???ects,Beta1,UK,11,6,5,21.91,1.35,,2,3,2,1,"1,16,21,27","1,3",1,,,150,10,4,10,2,,6,26.66667,14-21,120,,NA,1,"4,13,12",10,2,2,8,1,NA,2,Beta, Beta, Beta,,NA,up,Amplitude Change,amplitude,,SD,NA,Each Session Baseline and Intervention Group Data,Baseline: Resting State EEG,999,NA,NA,NA,NA,NA,NA,NA,NA,NA,NA,NA,NA,NA,NA,NA,NA,NA,NA,NA,NA,NA,NA,NA,NA,NA,NA,NA,NA,NA,NA,NA,NA,NA,NA,NA,NA,NA,NA,NA,NA,NA,NA,NA,NA,NA,NA,NA,NA,NA,NA,NA,NA,NA,NA,NA,NA,NA,NA,NA,NA,NA,NA,NA,NA,NA,NA,NA,NA,NA,NA,NA,NA,NA,NA,NA,NA,NA,NA,NA,NA,NA,NA,NA,NA,NA,NA,NA,NA
89,Pimenta,2018,Pimenta_1,Neurofeedback of SMR and Beta1 Frequencies: An Investigation of Learning Indices and Frequency-Speci???c E???ects,SMR,UK,10,4,6,23,1.45,,2,3,2,1,"1,16,21,27","1,3",1,,,150,10,4,10,2,,6,26.66667,14-21,120,,NA,1,"4,13,12",16,2,2,8,1,NA,2,SMR, SMR, SMR,,NA,up,Amplitude Change,amplitude,,SD,NA,Each Session Baseline and Intervention Group Data,Baseline: Resting State EEG,999,NA,NA,NA,NA,NA,NA,NA,NA,NA,NA,NA,NA,NA,NA,NA,NA,NA,NA,NA,NA,NA,NA,NA,NA,NA,NA,NA,NA,NA,NA,NA,NA,NA,NA,NA,NA,NA,NA,NA,NA,NA,NA,NA,NA,NA,NA,NA,NA,NA,NA,NA,NA,NA,NA,NA,NA,NA,NA,NA,NA,NA,NA,NA,NA,NA,NA,NA,NA,NA,NA,NA,NA,NA,NA,NA,NA,NA,NA,NA,NA,NA,NA,NA,NA,NA,NA,NA,NA
90,Rijken,2016,NA,NA,NA,NA,NA,NA,NA,NA,NA,NA,NA,NA,NA,NA,NA,NA,NA,NA,NA,NA,NA,NA,NA,NA,NA,NA,NA,NA,NA,NA,NA,NA,NA,NA,NA,NA,NA,NA,NA,1,NA, Alpha, Alpha,,NA,up,Alpha Power,power,,SD,NA,"Baseline, Post-Intervention, and Transfer","Baseline, Post-Intervention, Transfer (5-Week Follow-Up): 5 min-eyes closed",1,NA,NA,1,1,NA,NA,NA,NA,NA,NA,NA,NA,NA,NA,NA,NA,NA,NA,NA,NA,NA,NA,NA,NA,NA,NA,NA,NA,NA,NA,NA,NA,NA,NA,NA,NA,NA,NA,NA,NA,NA,NA,NA,NA,NA,NA,NA,NA,NA,NA,NA,NA,NA,NA,NA,NA,NA,NA,NA,NA,NA,NA,NA,NA,NA,NA,NA,NA,NA,NA,NA,NA,NA,NA,NA,NA,NA,NA,NA,NA,NA,NA,NA,NA,NA,NA,NA,NA
91,Shibata,2016,Shibata_1,Differential Activation Patterns in the Same Brain Region Led to Opposite Emotional States,Lower-Preference,Japan,12,NA,NA,,NA,,2,2,2,1,16,1,4,,,14.5,5.5,15,30,NA,1,3,66,3,117.45,"1,2,3,9",1,NA,,,2,1,9,1,NA,2,Higher-Preference, Cingulate Cortex,, Cingulate Cortex,NA,up,Mean BOLD Signal Amplitudes,amplitude,,SEM,12,Each Session Intervention,,NA,1,1,NA,NA,NA,1,NA,NA,NA,-0.0662,0.042,0.0138,0.0672,NA,NA,NA,NA,-0.0403,0.058,NA,NA,NA,NA,NA,NA,NA,NA,NA,NA,NA,NA,NA,NA,NA,NA,NA,NA,NA,NA,NA,NA,NA,NA,NA,NA,NA,NA,NA,NA,NA,NA,NA,NA,NA,NA,NA,NA,NA,NA,NA,NA,NA,NA,NA,NA,NA,NA,NA,NA,NA,NA,NA,NA,NA,NA,NA,NA,NA,NA,NA,NA,NA,NA,NA,NA,NA,NA,NA
94,Shibata,2016,Shibata_2,Differential Activation Patterns in the Same Brain Region Led to Opposite Emotional States,Higher-Preference,Japan,12,NA,NA,,NA,,2,2,2,1,16,1,4,,,14.5,5.5,15,30,NA,1,3,66,3,117.45,"1,2,3,9",1,NA,,,2,1,9,1,NA,2,Lower-Preference, Cingulate Cortex,, Cingulate Cortex,NA,up,Mean BOLD Signal Amplitudes,amplitude,,SEM,12,Each Session Intervention,,NA,1,1,NA,NA,NA,1,NA,NA,NA,-0.1263,0.0582,-0.0912,0.059,NA,NA,NA,NA,-0.0758,0.0487,NA,NA,NA,NA,NA,NA,NA,NA,NA,NA,NA,NA,NA,NA,NA,NA,NA,NA,NA,NA,NA,NA,NA,NA,NA,NA,NA,NA,NA,NA,NA,NA,NA,NA,NA,NA,NA,NA,NA,NA,NA,NA,NA,NA,NA,NA,NA,NA,NA,NA,NA,NA,NA,NA,NA,NA,NA,NA,NA,NA,NA,NA,NA,NA,NA,NA,NA,NA,NA
95,Shtoots,2020,NA,NA,NA,NA,NA,NA,NA,NA,NA,NA,NA,NA,NA,NA,NA,NA,NA,NA,NA,NA,NA,NA,NA,NA,NA,NA,NA,NA,NA,NA,NA,NA,NA,NA,NA,NA,NA,NA,NA,2,Beta, Low Beta/Theta ,Beta/Theta ,,NA,up,Theta/Beta Ratio PSC,psc,,SD,NA,Baseline vs. Whole Intervention Average,Baseline: Resting state EEG,999,NA,NA,NA,NA,NA,NA,NA,NA,NA,NA,NA,NA,NA,NA,NA,NA,NA,NA,NA,NA,NA,NA,NA,NA,NA,NA,NA,NA,NA,NA,NA,NA,NA,NA,NA,NA,NA,NA,NA,NA,NA,NA,NA,NA,NA,NA,NA,NA,NA,NA,NA,NA,NA,NA,NA,NA,NA,NA,NA,NA,NA,NA,NA,NA,NA,NA,NA,NA,NA,NA,NA,NA,NA,NA,NA,NA,NA,NA,NA,NA,NA,NA,NA,NA,NA,NA,NA,NA
96,Shtoots,2020,NA,NA,NA,NA,NA,NA,NA,NA,NA,NA,NA,NA,NA,NA,NA,NA,NA,NA,NA,NA,NA,NA,NA,NA,NA,NA,NA,NA,NA,NA,NA,NA,NA,NA,NA,NA,NA,NA,NA,2,Theta, Theta/Low Beta , Theta/Beta ,,NA,up,Theta/Beta Ratio PSC,psc,,SD,NA,Baseline vs. Whole Intervention Average,Baseline: Resting state EEG,999,NA,NA,NA,NA,NA,NA,NA,NA,NA,NA,NA,NA,NA,NA,NA,NA,NA,NA,NA,NA,NA,NA,NA,NA,NA,NA,NA,NA,NA,NA,NA,NA,NA,NA,NA,NA,NA,NA,NA,NA,NA,NA,NA,NA,NA,NA,NA,NA,NA,NA,NA,NA,NA,NA,NA,NA,NA,NA,NA,NA,NA,NA,NA,NA,NA,NA,NA,NA,NA,NA,NA,NA,NA,NA,NA,NA,NA,NA,NA,NA,NA,NA,NA,NA,NA,NA,NA,NA
97,Shtoots,2021,Shtoots_2,The Effects of Theta EEG Neurofeedback on the Consolidation of Spatial Memory.,Beta,Israel,18,5,13,24.1,3.4,,2,3,2,2,"1,27",1,1,,,600,60,3,,1,,1,37,1,30,,NA,1,1,15,2,2,11,2,NA,NA,NA,NA,NA,NA,NA,NA,NA,NA,NA,NA,NA,NA,NA,NA,NA,NA,NA,NA,NA,NA,NA,NA,NA,NA,NA,NA,NA,NA,NA,NA,NA,NA,NA,NA,NA,NA,NA,NA,NA,NA,NA,NA,NA,NA,NA,NA,NA,NA,NA,NA,NA,NA,NA,NA,NA,NA,NA,NA,NA,NA,NA,NA,NA,NA,NA,NA,NA,NA,NA,NA,NA,NA,NA,NA,NA,NA,NA,NA,NA,NA,NA,NA,NA,NA,NA,NA,NA,NA,NA,NA,NA,NA,NA,NA,NA,NA,NA,NA,NA,NA,NA,NA
98,Shtoots,2021,Shtoots_1,The Effects of Theta EEG Neurofeedback on the Consolidation of Spatial Memory.,Theta,Israel,18,7,11,22.8,2.9,,2,3,2,2,"1,27",1,1,,,600,60,3,,1,,1,37,1,30,,NA,1,1,15,2,2,11,2,NA,NA,NA,NA,NA,NA,NA,NA,NA,NA,NA,NA,NA,NA,NA,NA,NA,NA,NA,NA,NA,NA,NA,NA,NA,NA,NA,NA,NA,NA,NA,NA,NA,NA,NA,NA,NA,NA,NA,NA,NA,NA,NA,NA,NA,NA,NA,NA,NA,NA,NA,NA,NA,NA,NA,NA,NA,NA,NA,NA,NA,NA,NA,NA,NA,NA,NA,NA,NA,NA,NA,NA,NA,NA,NA,NA,NA,NA,NA,NA,NA,NA,NA,NA,NA,NA,NA,NA,NA,NA,NA,NA,NA,NA,NA,NA,NA,NA,NA,NA,NA,NA,NA,NA
99,Staufenbiel,2014,Staufenbiel,Effect of beta and gamma neurofeedback on memory and intelligence in the elderly,Gamma group,Netherlands,10,6,4,69.2,1.87,,3,3,2,2,19,3,1,1,9,1800,,1,,1,2-Jan,8,30,21,240,,NA,1,1,11,2,2,10,2,NA,2,Gamma, Gamma, Gamma,,NA,up,Gamma Power,power,,SE,10,"Pre-Intervention, Post-Intervention","Pre-, Post-Intervention: Resting state EEG (5 min eyes open)",1,NA,NA,1,NA,NA,NA,NA,NA,NA,NA,NA,NA,NA,NA,NA,NA,NA,NA,NA,NA,NA,NA,NA,NA,NA,NA,NA,NA,NA,NA,NA,NA,NA,NA,NA,NA,NA,NA,NA,NA,NA,NA,NA,NA,NA,NA,NA,NA,NA,NA,NA,NA,NA,NA,NA,NA,NA,NA,NA,NA,NA,NA,NA,NA,NA,NA,NA,NA,NA,NA,NA,NA,NA,NA,NA,NA,NA,NA,NA,NA,NA,NA,NA,NA,NA,NA,NA,NA
100,Staufenbiel,2014,Staufenbiel,Effect of beta and gamma neurofeedback on memory and intelligence in the elderly,Gamma group,Netherlands,10,6,4,69.2,1.87,,3,3,2,2,19,3,1,1,9,1800,,1,,1,2-Jan,8,30,21,240,,NA,1,1,11,2,2,10,2,NA,2,Beta, Beta, Beta,,NA,up,Beta Power,power,,SE,10,"Pre-Intervention, Post-Intervention","Pre-, Post-Intervention: Resting state EEG (5 min eyes open)",1,NA,NA,1,NA,NA,NA,NA,NA,NA,NA,NA,NA,NA,NA,NA,NA,NA,NA,NA,NA,NA,NA,NA,NA,NA,NA,NA,NA,NA,NA,NA,NA,NA,NA,NA,NA,NA,NA,NA,NA,NA,NA,NA,NA,NA,NA,NA,NA,NA,NA,NA,NA,NA,NA,NA,NA,NA,NA,NA,NA,NA,NA,NA,NA,NA,NA,NA,NA,NA,NA,NA,NA,NA,NA,NA,NA,NA,NA,NA,NA,NA,NA,NA,NA,NA,NA,NA,NA
101,Studer,2014,Studer_2,Slow cortical potential and theta/beta neurofeedback training in adults: effects on attentional processes and motor system excitability,Theta/beta training,Germany,19,7,12,24.62,2.56,,1,3,2,2,"1,27","1,2,3",1,,1,300-600,,10,,2,7-Jan,10,50,70,1000,,NA,1,"1,2","10,13,15",2,2,8,1,NA,2,Slow Cortical Potential (SCP), Control of SCP Directionality,999,,NA,up,Change in Differentiation,999,,SD,31,"Early Training (First two sessions) vs. Late Training (Last two session #9,#10)",,NA,1,1,NA,NA,NA,NA,NA,NA,NA,NA,NA,NA,NA,NA,NA,NA,NA,NA,NA,NA,NA,NA,NA,NA,NA,NA,NA,NA,NA,NA,NA,NA,NA,NA,NA,NA,NA,NA,NA,NA,NA,NA,NA,NA,NA,NA,NA,NA,NA,NA,NA,NA,NA,NA,NA,NA,NA,NA,NA,NA,NA,NA,NA,NA,NA,NA,NA,NA,NA,NA,NA,NA,NA,NA,NA,NA,NA,NA,NA,NA,NA,NA,NA,NA,NA,NA,NA,NA
104,Studer,2014,Studer_1,Slow cortical potential and theta/beta neurofeedback training in adults: effects on attentional processes and motor system excitability,SCP training,Germany,19,10,9,25.08,2.47,,1,3,2,2,"1,27","1,2,3",1,,1,6,8-Jun,40-60,,2,7-Jan,10,50,70,80-120,,NA,1,"4,13,12",16,2,2,8,1,NA,2,Theta/Beta, Theta/Beta , Theta/Beta ,,NA,up,Theta/Beta Ratio,ratio,,SD,31,"Early Training (First two sessions) vs. Late Training (Last two session #9,#10)",,NA,1,1,NA,NA,NA,NA,NA,NA,NA,NA,NA,NA,NA,NA,NA,NA,NA,NA,NA,NA,NA,NA,NA,NA,NA,NA,NA,NA,NA,NA,NA,NA,NA,NA,NA,NA,NA,NA,NA,NA,NA,NA,NA,NA,NA,NA,NA,NA,NA,NA,NA,NA,NA,NA,NA,NA,NA,NA,NA,NA,NA,NA,NA,NA,NA,NA,NA,NA,NA,NA,NA,NA,NA,NA,NA,NA,NA,NA,NA,NA,NA,NA,NA,NA,NA,NA,NA,NA
105,Tribrat,2007,Tribrat_2,Dynamic of EEG Potentials at the Beginning of a Series of EEG-Feedback Sessions,,Ukraine,37,NA,NA,,NA,,2,3,1,2,19,,1,,9,300,,1,,1,1,3,5,3,15,,NA,1,1,15,2,2,8,1,NA,1,NA, Alpha/Theta ,999,,NA,up,Mean Spectral Power,power,,"? (? ± m, ?V2/Hz)",37,"Pre-Intervention, During Intervention, Post-Intervention","Pre-Intervention: Stimuli without feedback, Post-Intervention: No feedback transfer",999,NA,NA,NA,NA,NA,NA,NA,NA,NA,NA,NA,NA,NA,NA,NA,NA,NA,NA,NA,NA,NA,NA,NA,NA,NA,NA,NA,NA,NA,NA,NA,NA,NA,NA,NA,NA,NA,NA,NA,NA,NA,NA,NA,NA,NA,NA,NA,NA,NA,NA,NA,NA,NA,NA,NA,NA,NA,NA,NA,NA,NA,NA,NA,NA,NA,NA,NA,NA,NA,NA,NA,NA,NA,NA,NA,NA,NA,NA,NA,NA,NA,NA,NA,NA,NA,NA,NA,NA
106,Tribrat,2007,Tribrat_1,Dynamics of EEG Potentials at the Beginning of a Series of EEG-Feedback Sessions,,Ukraine,37,NA,NA,,NA,,2,3,1,2,19,2,1,,9,300,,1,,1,1,3,5,3,15,,NA,1,"1,9",1,2,2,8,1,NA,1,NA, Alpha/Theta ,999,,NA,up,Mean Spectral Power,power,,"? (? ± m, ?V2/Hz)",37,"Pre-Intervention, During Intervention, Post-Intervention","Pre-Intervention: Stimuli without feedback, Post-Intervention: No feedback transfer",999,NA,NA,NA,NA,NA,NA,NA,NA,NA,NA,NA,NA,NA,NA,NA,NA,NA,NA,NA,NA,NA,NA,NA,NA,NA,NA,NA,NA,NA,NA,NA,NA,NA,NA,NA,NA,NA,NA,NA,NA,NA,NA,NA,NA,NA,NA,NA,NA,NA,NA,NA,NA,NA,NA,NA,NA,NA,NA,NA,NA,NA,NA,NA,NA,NA,NA,NA,NA,NA,NA,NA,NA,NA,NA,NA,NA,NA,NA,NA,NA,NA,NA,NA,NA,NA,NA,NA,NA
107,van Son,2020,van Son,EEG Theta/Beta Ratio Neurofeedback Training in Healthy Females,Group A,Netherlands,4,0,4,20.5,1,,1,3,2,2,"1,27","1,2",1,0.125,,1500,,1,,1,3-Jan,14,1020-1190,28-42,350,,NA,1,"1,2","10,13",2,2,9,1,NA,NA,NA,NA,NA,NA,NA,NA,NA,NA,NA,NA,NA,NA,NA,NA,NA,NA,NA,NA,NA,NA,NA,NA,NA,NA,NA,NA,NA,NA,NA,NA,NA,NA,NA,NA,NA,NA,NA,NA,NA,NA,NA,NA,NA,NA,NA,NA,NA,NA,NA,NA,NA,NA,NA,NA,NA,NA,NA,NA,NA,NA,NA,NA,NA,NA,NA,NA,NA,NA,NA,NA,NA,NA,NA,NA,NA,NA,NA,NA,NA,NA,NA,NA,NA,NA,NA,NA,NA,NA,NA,NA,NA,NA,NA,NA,NA,NA,NA,NA,NA,NA,NA,NA
108,Van Son,2020,NA,NA,NA,NA,NA,NA,NA,NA,NA,NA,NA,NA,NA,NA,NA,NA,NA,NA,NA,NA,NA,NA,NA,NA,NA,NA,NA,NA,NA,NA,NA,NA,NA,NA,NA,NA,NA,NA,NA,2,Early Active NFT Onset, Theta/Beta , Theta/Beta ,,NA,up,Theta/Beta Ratio,ratio,,none,4,Each Session Intervention Individual Data,Intermediate-Intervention: Resting State,NA,1,1,NA,NA,NA,1,NA,NA,NA,NA,NA,NA,NA,NA,NA,NA,NA,NA,NA,NA,NA,NA,NA,NA,NA,NA,NA,NA,NA,NA,NA,NA,NA,NA,NA,NA,NA,NA,NA,NA,NA,NA,NA,NA,NA,NA,NA,NA,NA,NA,NA,NA,NA,NA,NA,NA,NA,NA,NA,NA,NA,NA,NA,NA,NA,NA,NA,NA,NA,NA,NA,NA,NA,NA,NA,NA,NA,NA,NA,NA,NA,NA,NA,NA,NA,NA,NA,NA
109,Van Son,2020,NA,NA,NA,NA,NA,NA,NA,NA,NA,NA,NA,NA,NA,NA,NA,NA,NA,NA,NA,NA,NA,NA,NA,NA,NA,NA,NA,NA,NA,NA,NA,NA,NA,NA,NA,NA,NA,NA,NA,2,Late Active NFT Onset, Theta/Beta , Theta/Beta ,,NA,up,Theta/Beta Ratio,ratio,,none,4,Each Session Intervention Individual Data,Intermediate-Intervention: Resting State,NA,1,1,NA,NA,NA,NA,NA,NA,NA,NA,NA,NA,NA,NA,NA,NA,NA,NA,NA,NA,NA,NA,NA,NA,NA,NA,NA,NA,NA,NA,NA,NA,NA,NA,NA,NA,NA,NA,NA,NA,NA,NA,NA,NA,NA,NA,NA,NA,NA,NA,NA,NA,NA,NA,NA,NA,NA,NA,NA,NA,NA,NA,NA,NA,NA,NA,NA,NA,NA,NA,NA,NA,NA,NA,NA,NA,NA,NA,NA,NA,NA,NA,NA,NA,NA,NA,NA,NA
110,Wada,2017,Wada,Effect of neurofeedback training on event-related desynchronization strength by motor imagery,,Japan,11,7,4,20.4,0.5,,1,3,2,2,27,3,"1,4",,,20,6,5,,1,3-Jan,6,2.23,14,10,,NA,1,1,16,2,2,7,0,NA,1,NA," Mu (?, 8-13 Hz)",999 (alpha?),,NA,down,MI-ERD Strength,999,,SEM,11,Pre-Intervention to Last Day Intervention,Pre-Intervention: Motor Imagery,1,NA,1,NA,NA,NA,NA,NA,NA,NA,NA,NA,NA,NA,NA,NA,NA,NA,NA,NA,NA,NA,NA,NA,NA,NA,NA,NA,NA,NA,NA,NA,NA,NA,NA,NA,NA,NA,NA,NA,NA,NA,NA,NA,NA,NA,NA,NA,NA,NA,NA,NA,NA,NA,NA,NA,NA,NA,NA,NA,NA,NA,NA,NA,NA,NA,NA,NA,NA,NA,NA,NA,NA,NA,NA,NA,NA,NA,NA,NA,NA,NA,NA,NA,NA,NA,NA,NA,NA
111,Weiss,2022,NA,NA,NA,NA,NA,NA,NA,NA,NA,NA,NA,NA,NA,NA,NA,NA,NA,NA,NA,NA,NA,NA,NA,NA,NA,NA,NA,NA,NA,NA,NA,NA,NA,NA,NA,NA,NA,NA,NA,1,NA, DLPFC Connectivity,,dlpfc,NA,up,Functional Connectivity - Resting State of that day,fc,,SD,NA,Each Block Intervention Average,,NA,1,1,NA,NA,NA,1,NA,NA,NA,0.0235,0.0543,0.033,0.0392,NA,NA,NA,NA,0.027,0.0447,0.0171,0.0432,0.0149,0.0471,0.0213,0.0544,0.0362,0.0408,NA,NA,NA,NA,NA,NA,NA,NA,NA,NA,NA,NA,NA,NA,NA,NA,NA,NA,NA,NA,NA,NA,NA,NA,NA,NA,NA,NA,NA,NA,NA,NA,NA,NA,NA,NA,NA,NA,NA,NA,NA,NA,NA,NA,NA,NA,NA,NA,NA,NA,NA,NA,NA,NA,NA,NA,NA,NA,NA,NA,NA
112,Witte,2012,Witte,Control beliefs can predict the ability to up-regulate sensorimotor rhythm during neurofeedback training,,Austria,10,NA,NA,,NA,,3,3,2,2,"1,21,26,27","1,3",1,,,180,,6,,1,,10,21,35,180,,NA,1,1,15,2,2,7,1,NA,NA,NA,NA,NA,NA,NA,NA,NA,NA,NA,NA,NA,NA,NA,NA,NA,NA,NA,NA,NA,NA,NA,NA,NA,NA,NA,NA,NA,NA,NA,NA,NA,NA,NA,NA,NA,NA,NA,NA,NA,NA,NA,NA,NA,NA,NA,NA,NA,NA,NA,NA,NA,NA,NA,NA,NA,NA,NA,NA,NA,NA,NA,NA,NA,NA,NA,NA,NA,NA,NA,NA,NA,NA,NA,NA,NA,NA,NA,NA,NA,NA,NA,NA,NA,NA,NA,NA,NA,NA,NA,NA,NA,NA,NA,NA,NA,NA,NA,NA,NA,NA,NA,NA
113,Witte,2013,NA,NA,NA,NA,NA,NA,NA,NA,NA,NA,NA,NA,NA,NA,NA,NA,NA,NA,NA,NA,NA,NA,NA,NA,NA,NA,NA,NA,NA,NA,NA,NA,NA,NA,NA,NA,NA,NA,NA,1,NA, SMR (maintain/suppress Theta and Beta),SMR,,NA,up,Absolute Power,power,,SEM,10,"All Sessions Baseline, and All Session Training Averaged (Session (10x) = Baseline -> Training)",Pre-Intervention (Baseline: 3 min of looking at feedback bars with no control of them),999,NA,NA,NA,NA,NA,NA,NA,NA,NA,NA,NA,NA,NA,NA,NA,NA,NA,NA,NA,NA,NA,NA,NA,NA,NA,NA,NA,NA,NA,NA,NA,NA,NA,NA,NA,NA,NA,NA,NA,NA,NA,NA,NA,NA,NA,NA,NA,NA,NA,NA,NA,NA,NA,NA,NA,NA,NA,NA,NA,NA,NA,NA,NA,NA,NA,NA,NA,NA,NA,NA,NA,NA,NA,NA,NA,NA,NA,NA,NA,NA,NA,NA,NA,NA,NA,NA,NA,NA
114,Yamashita,2017,Yamashita_1,Connectivity Neurofeedback Training Can Differentially Change Functional Connectivity and Cognitive Performance,Increase Connectivity,Japan,18,17,1,22.6,1.8,,1,2,1,1,16,3,4,,,22,14,10,,6,1,4,,4,88,,10,NA,,,2,2,8,1,NA,2,Upregulation, Motor Cortex - Laterial Parietal Cortex FC,999,,NA,up,Functional Connectivity Z-Score,fc,,SE,18,"Pre-Intervention, Last Session",Pre-Intervention: NF Rehearsal (random feedback),1,NA,1,NA,NA,NA,NA,NA,NA,NA,NA,NA,NA,NA,NA,NA,NA,NA,NA,NA,NA,NA,NA,NA,NA,NA,NA,NA,NA,NA,NA,NA,NA,NA,NA,NA,NA,NA,NA,NA,NA,NA,NA,NA,NA,NA,NA,NA,NA,NA,NA,NA,NA,NA,NA,NA,NA,NA,NA,NA,NA,NA,NA,NA,NA,NA,NA,NA,NA,NA,NA,NA,NA,NA,NA,NA,NA,NA,NA,NA,NA,NA,NA,NA,NA,NA,NA,NA,NA
117,Yamashita,2017,Yamashita_2,Connectivity Neurofeedback Training Can Differentially Change Functional Connectivity and Cognitive Performance,Decrease Connectivity,Japan,12,9,3,22.8,1.6,,1,2,1,1,16,3,4,,,22,14,10,,6,1,4,,4,88,,10,NA,,,2,2,8,1,NA,2,Downregulation, Motor Cortex - Laterial Parietal Cortex FC,999,,NA,down,Functional Connectivity Z-Score,fc,,SE,12,"Pre-Intervention, Last Session",Pre-Intervention: NF Rehearsal (random feedback),1,NA,1,NA,NA,NA,NA,NA,NA,NA,NA,NA,NA,NA,NA,NA,NA,NA,NA,NA,NA,NA,NA,NA,NA,NA,NA,NA,NA,NA,NA,NA,NA,NA,NA,NA,NA,NA,NA,NA,NA,NA,NA,NA,NA,NA,NA,NA,NA,NA,NA,NA,NA,NA,NA,NA,NA,NA,NA,NA,NA,NA,NA,NA,NA,NA,NA,NA,NA,NA,NA,NA,NA,NA,NA,NA,NA,NA,NA,NA,NA,NA,NA,NA,NA,NA,NA,NA,NA
118,Zandi Mehran,2013,NA,NA,NA,NA,NA,NA,NA,NA,NA,NA,NA,NA,NA,NA,NA,NA,NA,NA,NA,NA,NA,NA,NA,NA,NA,NA,NA,NA,NA,NA,NA,NA,NA,NA,NA,NA,NA,NA,NA,1,NA, Beta (suppress Theta and High Beta),Beta,,NA,up,Theta/Beta Ratio,ratio,,SD,31,"Pre-Intervention, During Intervention, Post-Intervention",Pre-Intervention and Post-Intervention: Not specified.,999,NA,NA,NA,NA,NA,NA,NA,NA,NA,NA,NA,NA,NA,NA,NA,NA,NA,NA,NA,NA,NA,NA,NA,NA,NA,NA,NA,NA,NA,NA,NA,NA,NA,NA,NA,NA,NA,NA,NA,NA,NA,NA,NA,NA,NA,NA,NA,NA,NA,NA,NA,NA,NA,NA,NA,NA,NA,NA,NA,NA,NA,NA,NA,NA,NA,NA,NA,NA,NA,NA,NA,NA,NA,NA,NA,NA,NA,NA,NA,NA,NA,NA,NA,NA,NA,NA,NA,NA
119,Zandi Mehran,2015,NA,NA,NA,NA,NA,NA,NA,NA,NA,NA,NA,NA,NA,NA,NA,NA,NA,NA,NA,NA,NA,NA,NA,NA,NA,NA,NA,NA,NA,NA,NA,NA,NA,NA,NA,NA,NA,NA,NA,1,NA, Beta/(Theta&High Beta) ,999,,NA,up,Beta/(Theta&High Beta) Ratio,ratio,,SE,8,"Pre-Intervention, Intervention, Post-Intervention",Pre- and Post- Intervention: Resting State EEG,999,NA,NA,NA,NA,NA,NA,NA,NA,NA,NA,NA,NA,NA,NA,NA,NA,NA,NA,NA,NA,NA,NA,NA,NA,NA,NA,NA,NA,NA,NA,NA,NA,NA,NA,NA,NA,NA,NA,NA,NA,NA,NA,NA,NA,NA,NA,NA,NA,NA,NA,NA,NA,NA,NA,NA,NA,NA,NA,NA,NA,NA,NA,NA,NA,NA,NA,NA,NA,NA,NA,NA,NA,NA,NA,NA,NA,NA,NA,NA,NA,NA,NA,NA,NA,NA,NA,NA,NA
120,Zhang,2013,Zhang,Functional alteration of the DMN by learned regulation of the PCC using real-time fMRI.,,China,12,8,8,21,2,,1,2,1,2,18,2,1,7-Apr,,46,46,8,,2,,1,40.56,1,12.27,9,8,NA,,,1,1,9,1,NA,1,NA, Posterior Cingulate Cortex (PCC),,pcc,NA,down,Activation PSC,psc,,none,12,Each Session during Intervention,,999,NA,NA,NA,NA,NA,NA,NA,NA,NA,NA,NA,NA,NA,NA,NA,NA,NA,NA,NA,NA,NA,NA,NA,NA,NA,NA,NA,NA,NA,NA,NA,NA,NA,NA,NA,NA,NA,NA,NA,NA,NA,NA,NA,NA,NA,NA,NA,NA,NA,NA,NA,NA,NA,NA,NA,NA,NA,NA,NA,NA,NA,NA,NA,NA,NA,NA,NA,NA,NA,NA,NA,NA,NA,NA,NA,NA,NA,NA,NA,NA,NA,NA,NA,NA,NA,NA,NA,NA
121,Zich,2015,Zich,Wireless EEG with individualized channel layout enables efficient motor imagery training,,Germany,16,5,11,,NA,,1,3,1,2,1,1,1,0.0625,,8,.5-2.5,40,180-300,2,1,4,30-34,4,42.667,,NA,12,,16,1,1,7,0,NA,NA,NA,NA,NA,NA,NA,NA,NA,NA,NA,NA,NA,NA,NA,NA,NA,NA,NA,NA,NA,NA,NA,NA,NA,NA,NA,NA,NA,NA,NA,NA,NA,NA,NA,NA,NA,NA,NA,NA,NA,NA,NA,NA,NA,NA,NA,NA,NA,NA,NA,NA,NA,NA,NA,NA,NA,NA,NA,NA,NA,NA,NA,NA,NA,NA,NA,NA,NA,NA,NA,NA,NA,NA,NA,NA,NA,NA,NA,NA,NA,NA,NA,NA,NA,NA,NA,NA,NA,NA,NA,NA,NA,NA,NA,NA,NA,NA,NA,NA,NA,NA,NA,NA
