author,year,author_n,title,reject.final,group.x,country,n,n.gender.male,n.gender.female,age.mean,age.sd,age.other.var,blinding,device,instruction,motivation,feedback,desc_change_nft,update.timing,update.timing_1_TEXT,task.demands.type,trial.dur,trial.iti,trial.n,block.ibi,block.n,session.isi,session.n,session.dur,training.dur.days,training.dur.min,strategy.stim,bold.mod,eeg.mod,eeg.mod.amp,eeg.freq,rehearsal,func.loc,QA_Score,QA_Rating,group_n,target,freq_band,roi,direction,Type.of.Data,data_type,iaf_yn,indiv.data_yn,var_measure,Time.Courses.Provided,If.not.during.session..what.task.is.measured.,cat_pre_nft,cat_first_nft,cat_last_nft,cat_post_nft,cat_transfer,cat_onlyPSC,cat_multi_ses,cat_multi_base,p_value,t_value,ci_value,mean_pre,var_pre,mean_first,var_first,mean_last,var_last,mean_post,var_post,mean_transfer,var_transfer,mean_ses_2,var_ses_2,mean_ses_3,var_ses_3,mean_ses_4,var_ses_4,mean_ses_5,var_ses_5,mean_ses_6,var_ses_6,mean_ses_7,var_ses_7,mean_ses_8,var_ses_8,mean_ses_9,var_ses_9,mean_ses_10,var_ses_10,mean_ses_11,var_ses_11,mean_ses_12,var_ses_12,mean_ses_13,var_ses_13,mean_ses_14,var_ses_14,pscFirst_mean_last,pscFirst_var_last,pscFirst_mean_post,pscFirst_var_post,pscFirst_mean_transfer,pscFirst_var_transfer,pscFirst_mean_ses_2,pscFirst_var_ses_2,pscFirst_mean_ses_3,pscFirst_var_ses_3,pscFirst_mean_ses_4,pscFirst_var_ses_4,pscFirst_mean_ses_5,pscFirst_var_ses_5,pscFirst_mean_ses_6,pscFirst_var_ses_6,pscFirst_mean_ses_7,pscFirst_var_ses_7,pscFirst_mean_ses_8,pscFirst_var_ses_8,pscFirst_mean_ses_9,pscFirst_var_ses_9,pscFirst_mean_ses_10,pscFirst_var_ses_10,pscFirst_mean_ses_11,pscFirst_var_ses_11,pscFirst_mean_ses_12,pscFirst_var_ses_12,pscFirst_mean_ses_13,pscFirst_var_ses_13,pscFirst_mean_ses_14,pscFirst_var_ses_14,pscBase_mean_first,pscBase_var_first,pscBase_mean_last,pscBase_var_last,pscBase_mean_post,pscBase_var_post,pscBase_mean_transfer,pscBase_var_transfer,pscBase_mean_ses_2,pscBase_var_ses_2,pscBase_mean_ses_3,pscBase_var_ses_3,pscBase_mean_ses_4,pscBase_var_ses_4,pscBase_mean_ses_5,pscBase_var_ses_5,pscBase_mean_ses_6,pscBase_var_ses_6,pscBase_mean_ses_7,pscBase_var_ses_7,pscBase_mean_ses_8,pscBase_var_ses_8,pscBase_mean_ses_9,pscBase_var_ses_9,pscBase_mean_ses_10,pscBase_var_ses_10,pscBase_mean_ses_11,pscBase_var_ses_11,pscBase_mean_ses_12,pscBase_var_ses_12,pscBase_mean_ses_13,pscBase_var_ses_13,pscBase_mean_ses_14,pscBase_var_ses_14,mean_ses_bl_2,var_ses_bl_2,mean_ses_bl_3,var_ses_bl_3,mean_ses_bl_4,var_ses_bl_4,mean_ses_bl_5,var_ses_bl_5,mean_ses_bl_6,var_ses_bl_6,mean_ses_bl_7,var_ses_bl_7,mean_ses_bl_8,var_ses_bl_8,mean_ses_bl_9,var_ses_bl_9,mean_ses_bl_10,var_ses_bl_10,psc_mean_ses_bl_2,psc_var_ses_bl_2,psc_mean_ses_bl_3,psc_var_ses_bl_3,psc_mean_ses_bl_4,psc_var_ses_bl_4,psc_mean_ses_bl_5,psc_var_ses_bl_5,psc_mean_ses_bl_6,psc_var_ses_bl_6,psc_mean_ses_bl_7,psc_var_ses_bl_7,psc_mean_ses_bl_8,psc_var_ses_bl_8,psc_mean_ses_bl_9,psc_var_ses_bl_9,psc_mean_ses_bl_10,psc_var_ses_bl_10,pscBase_mean_ses_bl_2,pscBase_var_ses_bl_2,pscBase_mean_ses_bl_3,pscBase_var_ses_bl_3,pscBase_mean_ses_bl_4,pscBase_var_ses_bl_4,pscBase_mean_ses_bl_5,pscBase_var_ses_bl_5,pscBase_mean_ses_bl_6,pscBase_var_ses_bl_6,pscBase_mean_ses_bl_7,pscBase_var_ses_bl_7,pscBase_mean_ses_bl_8,pscBase_var_ses_bl_8,pscBase_mean_ses_bl_9,pscBase_var_ses_bl_9,pscBase_mean_ses_bl_10,pscBase_var_ses_bl_10
Andersson,2019,Andesson_1,Visual imagery during real-time fMRI neurofeedback from occipital and superior parietal cortex,1,Occipital,Italy,NA,NA,NA,NA,NA,NA,NA,NA,NA,NA,NA,NA,NA,NA,NA,NA,NA,NA,NA,NA,NA,NA,NA,NA,NA,NA,NA,NA,NA,NA,NA,NA,NA,NA,2, Occipital/MSPL,,999,up,BOLD PSC,psc,,0,SD,Pre-Intervention vs. Intervention 6s Peak,,1,NA,1,NA,NA,NA,NA,,,,,NA,NA,NA,NA,NA,NA,NA,NA,NA,NA,NA,NA,NA,NA,NA,NA,NA,NA,NA,NA,NA,NA,NA,NA,NA,NA,NA,NA,,,,,,,,,NA,NA,NA,NA,NA,NA,NA,NA,NA,NA,NA,NA,NA,NA,NA,NA,NA,NA,NA,NA,NA,NA,NA,NA,,,,,,,,,NA,NA,0.7,0.61,NA,NA,NA,NA,NA,NA,NA,NA,NA,NA,NA,NA,NA,NA,NA,NA,NA,NA,NA,NA,NA,NA,,,,,,,,,NA,,,,,,,,,,,,,,,,,,,,,,,,,,,,,,,,,,,,,,,,,,,,,,,,,,,,,
Andersson,2019,Andersson_2,Visual imagery during real-time fMRI neurofeedback from occipital and superior parietal cortex,1,Striatum,Italy,NA,NA,NA,NA,NA,NA,NA,NA,NA,NA,NA,NA,NA,NA,NA,NA,NA,NA,NA,NA,NA,NA,NA,NA,NA,NA,NA,NA,NA,NA,NA,NA,NA,NA,2, Bilateral Ventral Striatum,, Bilateral Ventral Striatum,up,BOLD PSC,psc,,0,SD,Pre-Intervention vs. Intervention 6s Peak,,1,NA,1,NA,NA,NA,NA,,,,,NA,NA,NA,NA,NA,NA,NA,NA,NA,NA,NA,NA,NA,NA,NA,NA,NA,NA,NA,NA,NA,NA,NA,NA,NA,NA,NA,NA,,,,,,,,,NA,NA,NA,NA,NA,NA,NA,NA,NA,NA,NA,NA,NA,NA,NA,NA,NA,NA,NA,NA,NA,NA,NA,NA,,,,,,,,,NA,NA,NA,NA,NA,NA,NA,NA,NA,NA,NA,NA,NA,NA,NA,NA,NA,NA,NA,NA,NA,NA,NA,NA,NA,NA,,,,,,,,,NA,,,,,,,,,,,,,,,,,,,,,,,,,,,,,,,,,,,,,,,,,,,,,,,,,,,,,
Anil,2022,Anil,The importance of self-efficacy and negative affect for neurofeedback success for central neuropathic pain after a spinal cord injury,0,,UK,25,12,13,30.96,11.19,19-65,1,3,2,2,"1,24","1,2,3",1,,,300,,6,,1,7,4,32,28,120,"1,6,9,8",NA,1,"1,2","1,10,13,15",2,2,6,1,1," Alpha (maintain/suppress Higher Beta, Theta)",alpha,,up,Relative Power,power,,0,SD,"Pre-Intervention, Detailed Group Data",Pre-Intervention: Resting Bsaeline (Eyes -Open 2 min),1,1,1,NA,NA,NA,1,,,,,NA,NA,22.12,49.33,14.34,36.38,NA,NA,NA,NA,20.97,58.55,19.75,52.06,14.34,36.38,NA,NA,NA,NA,NA,NA,NA,NA,NA,NA,NA,NA,,,,,,,,,NA,NA,NA,NA,NA,NA,NA,NA,NA,NA,NA,NA,NA,NA,NA,NA,NA,NA,NA,NA,NA,NA,NA,NA,,,,,,,,,NA,NA,NA,NA,NA,NA,NA,NA,NA,NA,NA,NA,NA,NA,NA,NA,NA,NA,NA,NA,NA,NA,NA,NA,NA,NA,,,,,,,,,NA,,,,,,,,,,,,,,,,,,,,,,,,,,,,,,,,,,,,,,,,,,,,,,,,,,,,,
Auer,2015,Auer,Training efficiency and transfer success in an extended real-time functional MRI neurofeedback training of the somatomotor cortex of healthy subjects,1,,Germany,16,9,7,25.9,3.3,,2,2,1,2,"1,28","1,3",1,8-10,,30,40,4,110,4,1-2,12,23.3,12,96,,1,NA,,,2,1,8,1,1, Sensorimotor Cortex,, Sensorimotor Cortex,up,PSC,psc,,0,none,"Pre-Post Intervention, Transfer","Pre-Post Intervention: Overt Finger Movement Task, Transfer: Motor Imagery no Feedback",1,NA,NA,1,1,NA,NA,,,,,NA,NA,NA,NA,NA,NA,NA,NA,NA,NA,NA,NA,NA,NA,NA,NA,NA,NA,NA,NA,NA,NA,NA,NA,NA,NA,NA,NA,,,,,,,,,NA,NA,NA,NA,NA,NA,NA,NA,NA,NA,NA,NA,NA,NA,NA,NA,NA,NA,NA,NA,NA,NA,NA,NA,,,,,,,,,NA,NA,NA,NA,NA,NA,NA,NA,NA,NA,NA,NA,NA,NA,NA,NA,NA,NA,NA,NA,NA,NA,NA,NA,NA,NA,,,,,,,,,NA,,,,,,,,,,,,,,,,,,,,,,,,,,,,,,,,,,,,,,,,,,,,,,,,,,,,,
Cannon,2014,Cannon,LORETA Neurofeedback in the Precuneus: Operant Conditioning in Basic Mechanisms of Self-Regulation,0,eyes open,USA,5,3,2,,,,1,3,2,2,"19,21,22,26","1,3",1,,,300,,6,,1,1-2,12-20,60,16-28,360-600,,NA,1,1,1,2,2,8,1,1, Precuneus,, Precuneus,up,EEG Current Source Density (CSD),csd,,0,SD,"Pre-, Post- Intervention (Eyes Closed AND Eyes Open)",Pre-Post Intervention: 3 min resting state (Eyes open (EOB) and Eyes Closed (ECB),NA,1,NA,1,NA,NA,NA,,0.019,-3.78,,0.796,0.306,NA,NA,NA,NA,1.26,0.224,NA,NA,NA,NA,NA,NA,NA,NA,NA,NA,NA,NA,NA,NA,NA,NA,NA,NA,NA,NA,,,,,,,,,NA,NA,NA,NA,NA,NA,NA,NA,NA,NA,NA,NA,NA,NA,NA,NA,NA,NA,NA,NA,NA,NA,NA,NA,,,,,,,,,NA,NA,NA,NA,NA,NA,NA,NA,NA,NA,NA,NA,NA,NA,NA,NA,NA,NA,NA,NA,NA,NA,NA,NA,NA,NA,,,,,,,,,NA,,,,,,,,,,,,,,,,,,,,,,,,,,,,,,,,,,,,,,,,,,,,,,,,,,,,,
Cannon,2014,Cannon,LORETA Neurofeedback in the Precuneus: Operant Conditioning in Basic Mechanisms of Self-Regulation,4,eyes closed,USA,5,3,2,,,,1,3,2,2,"19,21,22,26","1,3",1,,,300,,6,,1,1-2,12-20,60,16-28,360-600,,NA,1,1,1,2,2,8,1,1, Precuneus,, Precuneus,up,EEG Current Source Density (CSD),csd,,0,SD,"Pre-, Post- Intervention (Eyes Closed AND Eyes Open)",Pre-Post Intervention: 3 min resting state (Eyes open (EOB) and Eyes Closed (ECB),NA,1,NA,1,NA,NA,NA,,0.019,-3.78,,1.18,0.522,NA,NA,NA,NA,1.95,0.438,NA,NA,NA,NA,NA,NA,NA,NA,NA,NA,NA,NA,NA,NA,NA,NA,NA,NA,NA,NA,,,,,,,,,NA,NA,NA,NA,NA,NA,NA,NA,NA,NA,NA,NA,NA,NA,NA,NA,NA,NA,NA,NA,NA,NA,NA,NA,,,,,,,,,NA,NA,NA,NA,NA,NA,NA,NA,NA,NA,NA,NA,NA,NA,NA,NA,NA,NA,NA,NA,NA,NA,NA,NA,NA,NA,,,,,,,,,NA,,,,,,,,,,,,,,,,,,,,,,,,,,,,,,,,,,,,,,,,,,,,,,,,,,,,,
Cheng,2015,Cheng,Sensorimotor Rhythm Neurofeedback Enhances Golf Putting Performance,0,,Germany,8,7,1,20.6,1.59,,2,3,2,2,19,"1,3",1,,,30,,12,,1,4-5,8,30-45,35,48,,NA,1,1,16,2,2,9,1,1, SMR,SMR,,up,Difference Score (%) of Relative Power,power,,0,SD,"Pre-, Post Intervention","Pre-Post- Intervention: Resting EEG (1 min eye open and closed, in putting stance)",1,NA,NA,1,NA,NA,NA,,,,,NA,NA,53.82,19.71,66.27,17.91,NA,NA,NA,NA,63.85,12.53,65.63,9.52,66.27,17.91,NA,NA,NA,NA,NA,NA,NA,NA,NA,NA,NA,NA,,,,,,,,,NA,NA,NA,NA,NA,NA,NA,NA,NA,NA,NA,NA,NA,NA,NA,NA,NA,NA,NA,NA,NA,NA,NA,NA,,,,,,,,,NA,NA,NA,NA,NA,NA,NA,NA,NA,NA,NA,NA,NA,NA,NA,NA,NA,NA,NA,NA,NA,NA,NA,NA,NA,NA,,,,,,,,,NA,,,,,,,,,,,,,,,,,,,,,,,,,,,,,,,,,,,,,,,,,,,,,,,,,,,,,
Christie,2020,Christie,The Effect of an Integrated Neurofeedback and Biofeedback Training Intervention on Ice Hockey Shooting Performance,0,,Canada,8,,,,,,1,3,2,2,"19,27","1,3",1,,9,5400,,1,,1,,15,90,137,1350,,NA,1,1,16,2,2,9,1,1, SMR/(Theta&High Beta) ,999,,up,SMR Power,power,,0,SD,First session (1) vs Last session (15),,NA,1,1,NA,NA,NA,NA,,0.001,5.178,,NA,NA,2.67,0.64,3.43,0.38,NA,NA,NA,NA,NA,NA,NA,NA,NA,NA,NA,NA,NA,NA,NA,NA,NA,NA,NA,NA,NA,NA,,,,,,,,,NA,NA,NA,NA,NA,NA,NA,NA,NA,NA,NA,NA,NA,NA,NA,NA,NA,NA,NA,NA,NA,NA,NA,NA,,,,,,,,,,,,,NA,NA,NA,NA,NA,NA,NA,NA,NA,NA,NA,NA,NA,NA,NA,NA,NA,NA,NA,NA,NA,NA,,,,,,,,,NA,,,,,,,,,,,,,,,,,,,,,,,,,,,,,,,,,,,,,,,,,,,,,,,,,,,,,
de Zambotti,2012,deZambotti,The efficacy of EEG neurofeedback aimed at enhancing sensory-motor rhythm theta ratio in healthy subjects,0,,Italy,8,2,6,23.12,1.8,,1,3,1,2,"1,26",,,,,180,,5,,1,1-4,16,18,56,240,,NA,1,"1,2",15,2,2,8,1,1,SMR/Theta Ratio,NA,NA,up_down,Relative Amplitude (to baseline) PSC,psc,,0,SE,Each Session Intervention Group Data,Baseline (used for relative amplitude): Resting State EEG (Open-Eyes 3 min),NA,NA,NA,NA,NA,1,NA,,,,,NA,NA,NA,NA,NA,NA,NA,NA,NA,NA,NA,NA,NA,NA,NA,NA,NA,NA,NA,NA,NA,NA,NA,NA,NA,NA,NA,NA,,,,,,,,,NA,NA,NA,NA,NA,NA,NA,NA,NA,NA,NA,NA,NA,NA,NA,NA,NA,NA,NA,NA,NA,NA,NA,NA,,,,,,,,,0.0283,0.0297,0.1285,0.0419,,,NA,NA,-0.0349,0.0227,0.0232,0.0347,0.0294,0.0298,0.0369,0.0383,0.0625,0.027,0.1055,0.0561,0.1285,0.0419,NA,NA,NA,NA,,,,,,,,,NA,,,,,,,,,,,,,,,,,,,,,,,,,,,,,,,,,,,,,,,,,,,,,,,,,,,,,
Dekker,2014,Dekker,The time-course of alpha neurofeedback training effects in healthy participants.,0,,Netherlands,18,6,12,20.7,1.79,,1,3,2,2,19,1,1,,"1,11",480,300,3,,1,1-2,15,54,19 - 28,360,,NA,1,1,1,2,2,8,1,1, Alpha, Alpha,,up,Alpha Power,power,,0,SE,First session (1) vs. Middle session (10) vs. Last session (15),,NA,1,1,NA,NA,NA,1,,0.001,,,NA,NA,-1.11,0.05,-0.97,0.06,NA,NA,NA,NA,NA,NA,NA,NA,NA,NA,NA,NA,NA,NA,NA,NA,NA,NA,NA,NA,NA,NA,,,,,,,,,NA,NA,NA,NA,NA,NA,NA,NA,NA,NA,NA,NA,NA,NA,NA,NA,NA,NA,NA,NA,NA,NA,NA,NA,,,,,,,,,NA,NA,NA,NA,NA,NA,NA,NA,,,,,,,,,,,,,,,NA,NA,NA,NA,,,,,,,,,NA,,,,,,,,,,,,,,,,,,,,,,,,,,,,,,,,,,,,,,,,,,,,,,,,,,,,,
Dempster,2009,Dempster,Identifying Indices of Learning for Alpha Neurofeedback Training,0,,UK,25,5,20,,,,1,3,2,2,"1,19,28",1,1,,,450,30,2,,1,7,10,18.5,10,150,,NA,1,1,1,2,2,10,2,1, Alpha, Alpha,,up,Alpha Amplitude,amplitude,,0,SD,Each session Baseline AND Intervention Group Data,Baseline: REsting State EEG (3 min eyes open),1,1,1,NA,NA,NA,1,1,,,,7.7,2.72,7.64,2.56,8.81,3.47,8.47,3.03,NA,NA,7.9,2.92,8.02,3.18,8.09,3.38,8.6,3.63,8.87,4.02,8.46,3.34,8.69,3.59,9.02,3.59,8.81,3.47,,,,,,,,,0.153141,NA,NA,NA,NA,NA,0.034031,NA,0.049738,NA,0.058901,NA,0.125654,NA,0.160995,NA,0.10733,NA,0.137435,NA,0.180628,NA,0.153141,NA,,,,,,,,,NA,NA,NA,NA,NA,NA,NA,NA,NA,NA,NA,NA,NA,NA,NA,NA,NA,NA,NA,NA,NA,NA,NA,NA,NA,NA,,,,,,,,,7.77,2.86,7.73,2.37,7.89,2.33,8.1,2.52,8.32,3.08,8.25,2.62,8.53,3.02,8.47,2.58,8.47,3.03,,,,,,,,,,,,,,,,,,,,,,,,,,,,,,,,,,,,
Domingos,2021,Domingos_3,The Influence of an Alpha Band Neurofeedback Training in Heart Rate Variability in Athletes,0,2/ week,Portugal,13,13,0,,,,1,3,1,2,27,"1,3",1,,,60,5,25,,1,1-6,12,27.0833,42,300,,NA,1,1,1,1,1,10,2,2, Alpha, Alpha,,up,Alpha Amplitude,amplitude,,0,SE,First session (1) vs Last session (12),,NA,1,1,NA,NA,NA,NA,,,,,NA,NA,1.56,0.08,1.58,0.11,NA,NA,NA,NA,NA,NA,NA,NA,NA,NA,NA,NA,NA,NA,NA,NA,NA,NA,NA,NA,NA,NA,,,,,,,,,NA,NA,NA,NA,NA,NA,NA,NA,NA,NA,NA,NA,NA,NA,NA,NA,NA,NA,NA,NA,NA,NA,NA,NA,,,,,,,,,NA,NA,NA,NA,NA,NA,NA,NA,NA,NA,NA,NA,NA,NA,NA,NA,NA,NA,NA,NA,NA,NA,NA,NA,NA,NA,,,,,,,,,NA,,,,,,,,,,,,,,,,,,,,,,,,,,,,,,,,,,,,,,,,,,,,,,,,,,,,,
Domingos,2021,Domingos_4,The Influence of an Alpha Band Neurofeedback Training in Heart Rate Variability in Athletes,0,3/ week,Portugal,14,14,0,,,,1,3,1,2,27,"1,3",1,,,60,5,25,,1,1-4,12,27.0833,28,300,,NA,1,1,1,1,1,10,2,2, SMR (maintain/suppress Theta and Beta),SMR,,up,,999,,0,SE,First session (1) vs Last session (12),,NA,1,1,NA,NA,NA,NA,,,,,NA,NA,1.46,0.07,1.69,0.09,NA,NA,NA,NA,NA,NA,NA,NA,NA,NA,NA,NA,NA,NA,NA,NA,NA,NA,NA,NA,NA,NA,,,,,,,,,NA,NA,NA,NA,NA,NA,NA,NA,NA,NA,NA,NA,NA,NA,NA,NA,NA,NA,NA,NA,NA,NA,NA,NA,,,,,,,,,NA,NA,NA,NA,NA,NA,NA,NA,NA,NA,NA,NA,NA,NA,NA,NA,NA,NA,NA,NA,NA,NA,NA,NA,NA,NA,,,,,,,,,NA,,,,,,,,,,,,,,,,,,,,,,,,,,,,,,,,,,,,,,,,,,,,,,,,,,,,,
Emmert,2014,Emmert_2,Comparison of anterior cingulate vs. insular cortex as targets for real-time fMRI regulation during pain stimulation,0,Group 2: ACC,Switzerland,14,7,7,27.4,2.6,,1,2,2,2,"18,24",2,1,,9,30,30,4,15,4,0,1,25,1,8,,8,NA,,,2,1,7,0,2, ACC BOLD Activitation,,acc,down,Beta Values,beta,,1,SD,Each Intervention Run for Each Participant,,NA,1,1,NA,NA,NA,1,,,,,NA,NA,0.270385,0.36753,0.17163,0.4204,NA,NA,NA,NA,0.1678,0.346285,0.22735,0.6047,0.17163,0.42044,NA,NA,NA,NA,NA,NA,NA,NA,NA,NA,NA,NA,,,,,,,,,NA,NA,NA,NA,NA,NA,NA,NA,NA,NA,NA,NA,NA,NA,NA,NA,NA,NA,NA,NA,NA,NA,NA,NA,,,,,,,,,NA,NA,NA,NA,NA,NA,NA,NA,NA,NA,NA,NA,NA,NA,NA,NA,NA,NA,NA,NA,NA,NA,NA,NA,NA,NA,,,,,,,,,NA,,,,,,,,,,,,,,,,,,,,,,,,,,,,,,,,,,,,,,,,,,,,,,,,,,,,,
Emmert,2014,Emmert_1,Comparison of anterior cingulate vs. insular cortex as targets for real-time fMRI regulation during pain stimulation,0,Group 1: AIC,Switzerland,14,7,7,27.6,2.1,,1,2,2,2,"18,24",2,1,,9,30,30,4,15,4,0,1,25,1,8,,8,NA,,,2,1,7,0,2, AIC BOLD Activitation,,aic,down,Beta Values,beta,,1,SD,Each Intervention Run for Each Participant,,NA,1,1,NA,NA,NA,1,,,,,NA,NA,0.295,0.404,0.211,0.423,NA,NA,NA,NA,0.077214,0.414298,0.33764,0.29532,0.211,0.423,NA,NA,NA,NA,NA,NA,NA,NA,NA,NA,NA,NA,,,,,,,,,NA,NA,NA,NA,NA,NA,NA,NA,NA,NA,NA,NA,NA,NA,NA,NA,NA,NA,NA,NA,NA,NA,NA,NA,,,,,,,,,NA,NA,NA,NA,NA,NA,NA,NA,NA,NA,NA,NA,NA,NA,NA,NA,NA,NA,NA,NA,NA,NA,NA,NA,NA,NA,,,,,,,,,NA,,,,,,,,,,,,,,,,,,,,,,,,,,,,,,,,,,,,,,,,,,,,,,,,,,,,,
Enz,2022,Enz_2,Self-regulation of the brain's right frontal Beta rhythm using a brain-computer interface,0,beta down,Ireland,18,6,12,27.33,12.04,,3,3,1,2,"24,26",2,1,,1,180,,4,,1,,6,22-50,6,72,,NA,1,2,10,2,1,10,2,4, Alpha, Alpha,,up,Alpha Power (Estimated Marginal Means),power,,0,SE,Baseline vs. Last Block of Last session,Baseline: Resting state EEG,1,NA,1,NA,NA,NA,NA,,-2.47,0.018,,59.5,3.65,NA,NA,50.5,3.89,NA,NA,NA,NA,NA,NA,NA,NA,NA,NA,NA,NA,NA,NA,NA,NA,NA,NA,NA,NA,NA,NA,,,,,,,,,NA,NA,NA,NA,NA,NA,NA,NA,NA,NA,NA,NA,NA,NA,NA,NA,NA,NA,NA,NA,NA,NA,NA,NA,,,,,,,,,NA,NA,NA,NA,NA,NA,NA,NA,NA,NA,NA,NA,NA,NA,NA,NA,NA,NA,NA,NA,NA,NA,NA,NA,NA,NA,,,,,,,,,NA,,,,,,,,,,,,,,,,,,,,,,,,,,,,,,,,,,,,,,,,,,,,,,,,,,,,,
Enz,2022,Enz_1,Self-regulation of the brain's right frontal Beta rhythm using a brain-computer interface,0,beta up,Ireland,26,11,15,25.96,7.37,,3,3,1,2,"24,26",1,1,,1,180,,4,,1,,6,22-50,6,72,,NA,1,1,10,2,1,10,2,4, Alpha, Alpha,,down,Alpha Power (Estimated Marginal Means),power,,0,SE,Baseline vs. Last Block of Last session,Baseline: Resting state EEG,1,NA,1,NA,NA,NA,NA,,0.43,0.8,,62,3.03,NA,NA,64.2,3.03,NA,NA,NA,NA,NA,NA,NA,NA,NA,NA,NA,NA,NA,NA,NA,NA,NA,NA,NA,NA,NA,NA,,,,,,,,,NA,NA,NA,NA,NA,NA,NA,NA,NA,NA,NA,NA,NA,NA,NA,NA,NA,NA,NA,NA,NA,NA,NA,NA,,,,,,,,,NA,NA,,,NA,NA,NA,NA,NA,NA,NA,NA,NA,NA,NA,NA,NA,NA,NA,NA,NA,NA,NA,NA,NA,NA,,,,,,,,,NA,,,,,,,,,,,,,,,,,,,,,,,,,,,,,,,,,,,,,,,,,,,,,,,,,,,,,
Eschmann,2022,Eschmann,Theta Neurofeedback Training Supports Motor Performance and Flow Experience,0,,Germany,48,18,30,22.44,,,1,3,1,2,1,1,1,,,300,,6,,1,0,1,35,1,30,"3,9",NA,1,1,13,2,2,10,2,1, Theta, Theta,,up,Theta Amplitude PSC,amplitude,,0,SE,PSC: Resting EEG vs. Overall Training,,1,NA,1,NA,NA,1,NA,,,,,NA,NA,NA,NA,NA,NA,NA,NA,NA,NA,NA,NA,NA,NA,NA,NA,NA,NA,NA,NA,NA,NA,NA,NA,NA,NA,NA,NA,,,,,,,,,NA,NA,NA,NA,NA,NA,NA,NA,NA,NA,NA,NA,NA,NA,NA,NA,NA,NA,NA,NA,NA,NA,NA,NA,,,,,,,,,NA,NA,0.0224,0.0101,NA,NA,NA,NA,NA,NA,NA,NA,NA,NA,NA,NA,NA,NA,NA,NA,NA,NA,NA,NA,NA,NA,,,,,,,,,NA,,,,,,,,,,,,,,,,,,,,,,,,,,,,,,,,,,,,,,,,,,,,,,,,,,,,,
Fedotchev,2018,Fedotchev,Stress Coping Via Musical Neurofeedback,0,,Russia,16,9,7,46.66,8.1,,1,3,2,2,19,"1,3",1,,,900,,1,,1,,1,17.5,1,15,,NA,1,1,1,2,1,7,0,1, Alpha, Alpha,,up,Alpha EEG Rhythm Index,999,,0,SE,"Pre-Intervention, Post-Intervention","Pre-, Post-Intervention: Resting State (Closed-Eyes, ""EEG registration"")",1,NA,NA,1,NA,NA,NA,,0.017,,,70.2,1.7,NA,NA,NA,NA,76.9,2,NA,NA,NA,NA,NA,NA,NA,NA,NA,NA,NA,NA,NA,NA,NA,NA,NA,NA,NA,NA,,,,,,,,,NA,NA,NA,NA,NA,NA,NA,NA,NA,NA,NA,NA,NA,NA,NA,NA,NA,NA,NA,NA,NA,NA,NA,NA,,,,,,,,,NA,NA,NA,NA,NA,NA,NA,NA,NA,NA,NA,NA,NA,NA,NA,NA,NA,NA,NA,NA,NA,NA,NA,NA,NA,NA,,,,,,,,,NA,,,,,,,,,,,,,,,,,,,,,,,,,,,,,,,,,,,,,,,,,,,,,,,,,,,,,
Gadea,2016,Gadea_2,Testing the Benefits of Neurofeedback on Selective Attention Measured Through Dichotic Listening.,3,NA,NA,NA,NA,NA,NA,NA,NA,NA,NA,NA,NA,NA,NA,NA,NA,NA,NA,NA,NA,NA,NA,NA,NA,NA,NA,NA,NA,NA,NA,NA,NA,NA,NA,NA,NA,1, SMR/Theta , SMR/Theta ,,up,"SMR Amplitude, Theta Amplitude",amplitude,,0,SD,"Pre-Intervention, Post-Intervention","Pre-, Post-Intervention: Resting State (Open-Eyes, 4 minutes)",1,NA,NA,1,NA,NA,NA,,,,,NA,NA,NA,NA,NA,NA,NA,NA,NA,NA,NA,NA,NA,NA,NA,NA,NA,NA,NA,NA,NA,NA,NA,NA,NA,NA,NA,NA,,,,,,,,,NA,NA,NA,NA,NA,NA,NA,NA,NA,NA,NA,NA,NA,NA,NA,NA,NA,NA,NA,NA,NA,NA,NA,NA,,,,,,,,,NA,NA,NA,NA,NA,NA,NA,NA,NA,NA,NA,NA,NA,NA,NA,NA,NA,NA,NA,NA,NA,NA,NA,NA,NA,NA,,,,,,,,,NA,,,,,,,,,,,,,,,,,,,,,,,,,,,,,,,,,,,,,,,,,,,,,,,,,,,,,
Gadea,2020,Gadea,Effects of a single session of SMR neurofeedback training on anxiety and cortisol levels,0,,Spain,16,16,0,,,,2,3,2,2,"19,21",3,1,,,1800,,1,,1,,1,40,1,30,,NA,1,"1,2","13,16",2,2,9,1,1,SMR/Theta,999,,up_down,"SMR, Theta Amplitude",amplitude,,0,SD,Pre-Intervention vs. Post-Intervention,,1,NA,NA,1,NA,NA,NA,,,,,2.7,0.34,NA,NA,NA,NA,2.94,0.44,NA,NA,NA,NA,NA,NA,NA,NA,NA,NA,NA,NA,NA,NA,NA,NA,NA,NA,NA,NA,,,,,,,,,NA,NA,NA,NA,NA,NA,NA,NA,NA,NA,NA,NA,NA,NA,NA,NA,NA,NA,NA,NA,NA,NA,NA,NA,,,,,,,,,NA,NA,NA,NA,NA,NA,NA,NA,NA,NA,NA,NA,NA,NA,NA,NA,NA,NA,NA,NA,NA,NA,NA,NA,NA,NA,,,,,,,,,NA,,,,,,,,,,,,,,,,,,,,,,,,,,,,,,,,,,,,,,,,,,,,,,,,,,,,,
Gertz,1983,NA,NA,1,NA,NA,NA,NA,NA,NA,NA,NA,NA,NA,NA,NA,NA,NA,NA,NA,NA,NA,NA,NA,NA,NA,NA,NA,NA,NA,NA,NA,NA,NA,NA,NA,NA,NA,NA,NA,1, Target Frequency Adherence,999,,up,Mean MF Delta Change Scores (Hz),999,,0,none,"Baseline, Feedback",,999,NA,NA,NA,NA,NA,NA,,,,,NA,NA,NA,NA,NA,NA,NA,NA,NA,NA,NA,NA,NA,NA,NA,NA,NA,NA,NA,NA,NA,NA,NA,NA,NA,NA,NA,NA,,,,,,,,,NA,NA,NA,NA,NA,NA,NA,NA,NA,NA,NA,NA,NA,NA,NA,NA,NA,NA,NA,NA,NA,NA,NA,NA,,,,,,,,,NA,NA,NA,NA,NA,NA,NA,NA,NA,NA,NA,NA,NA,NA,NA,NA,NA,NA,NA,NA,NA,NA,NA,NA,NA,NA,,,,,,,,,NA,,,,,,,,,,,,,,,,,,,,,,,,,,,,,,,,,,,,,,,,,,,,,,,,,,,,,
Gevensleben,2014,Gevensleben,Neurofeedback of slow cortical potentials: neural mechanisms and feasibility of a placebo-controlled design in healthy adults,0,,Germany,9,2,7,23.2,2.91,,3,3,1,2,"1,26",3,1,0.1,,6,4-6,120,,2,2-4,1,90,8,192,,NA,1,"4,13,12",16,2,2,8,1,1, Control of SCP Directionality,999,,up,Regulation Index,999,,0,SD,"Each session Data for Group (with Pos, Neg, and Regulation)","Pre-,Intermediate-,Post- Intervention Task: Continuous Performance Task",NA,1,1,NA,NA,NA,NA,,,,,NA,NA,4.41,11.37,7.16,7.87,NA,NA,NA,NA,2.6,5.23,0.32,7.36,4.64,8.63,4.12,5.61,-0.45,6.87,6.62,8.12,7.16,7.87,NA,NA,NA,NA,,,,,,,,,NA,NA,NA,NA,NA,NA,NA,NA,NA,NA,NA,NA,NA,NA,NA,NA,NA,NA,NA,NA,NA,NA,NA,NA,,,,,,,,,NA,NA,NA,NA,NA,NA,NA,NA,NA,NA,NA,NA,NA,NA,NA,NA,NA,NA,NA,NA,NA,NA,NA,NA,NA,NA,,,,,,,,,NA,,,,,,,,,,,,,,,,,,,,,,,,,,,,,,,,,,,,,,,,,,,,,,,,,,,,,
Goksin,2019,Goksin,Improving short-term memory performance of healthy young males using alpha band neurofeedback,0,,Turkey,11,11,0,29,3.04,,1,3,1,2,"1,18,19","1,3",1,,,45,10,5,60-120,3,1-5,5,,10,56.25,3,NA,1,1,15,2,2,5,0,1, Alpha, Alpha,,up,Alpha Band Power,power,,1,SD,"AVG Baseline, AVG Each session (5) Per Participant",,1,1,1,NA,NA,NA,1,,,,,0.1856,0.063,0.2048,0.047,0.2295,0.083,NA,NA,NA,NA,0.2154,0.075,0.2217,0.077,0.2311,0.078,0.2295,0.083,NA,NA,NA,NA,NA,NA,NA,NA,NA,NA,,,,,,,,,NA,NA,NA,NA,NA,NA,NA,NA,NA,NA,NA,NA,NA,NA,NA,NA,NA,NA,NA,NA,NA,NA,NA,NA,,,,,,,,,NA,NA,NA,NA,NA,NA,NA,NA,NA,NA,NA,NA,NA,NA,NA,NA,NA,NA,NA,NA,NA,NA,NA,NA,NA,NA,,,,,,,,,NA,,,,,,,,,,,,,,,,,,,,,,,,,,,,,,,,,,,,,,,,,,,,,,,,,,,,,
Guleken,2020,Guleken,Investigation of the effects of transcranial direct current stimulation and neurofeedback by continuous performance test.,0,,Turkey,8,NA,NA,,NA,,1,3,2,2,"16,27","1,3",1,,1,180,,10,,1,,10,30,35,300,,NA,1,1,"13,15,16",2,2,8,1,1, SMR, SMR,,up,SMR Amplitude,amplitude,,0,SD,"Each Post-session for after 1, 2, 5, and 10th sessions","""Continuous Performance Task""",NA,1,1,NA,NA,NA,1,,,,,NA,NA,1.51,0.309,1.99,0.424,NA,NA,NA,NA,1.59,0.287,1.78,0.351,1.99,0.424,NA,NA,NA,NA,NA,NA,NA,NA,NA,NA,NA,NA,,,,,,,,,NA,NA,NA,NA,NA,NA,NA,NA,NA,NA,NA,NA,NA,NA,NA,NA,NA,NA,NA,NA,NA,NA,NA,NA,,,,,,,,,NA,NA,NA,NA,NA,NA,NA,NA,NA,NA,NA,NA,NA,NA,NA,NA,NA,NA,NA,NA,NA,NA,NA,NA,NA,NA,,,,,,,,,NA,,,,,,,,,,,,,,,,,,,,,,,,,,,,,,,,,,,,,,,,,,,,,,,,,,,,,
Hellrung,2018,Hellrung_1,Intermittent compared to continuous real-time fMRI neurofeedback boosts control over amygdala activation,0,Continuous,Germany,16,16,0,25.8,2.4,,2,2,1,2,1,1,1,5-6,1,40,80,4,,3,,1,43.67,1,8,4,1,NA,,,1,1,10,2,2, Amygdala,, Amygdala,up,Regulate minus Count Signal*,999,,0,SE,PSC over Each session (3) and No Feedback Transfer,,NA,NA,NA,NA,1,1,1,,,,,NA,NA,-0.06,0.44,0.16,0.47,NA,NA,0.52,0.75,0.11,0.26,NA,NA,NA,NA,NA,NA,NA,NA,NA,NA,NA,NA,NA,NA,NA,NA,,,,,,,,,NA,NA,NA,NA,NA,NA,NA,NA,NA,NA,NA,NA,NA,NA,NA,NA,NA,NA,NA,NA,NA,NA,NA,NA,,,,,,,,,-0.06,0.44,0.16,0.47,NA,NA,0.52,0.75,0.11,0.26,NA,NA,NA,NA,NA,NA,NA,NA,NA,NA,NA,NA,NA,NA,NA,NA,,,,,,,,,NA,,,,,,,,,,,,,,,,,,,,,,,,,,,,,,,,,,,,,,,,,,,,,,,,,,,,,
Hellrung,2018,Hellrung_2,Intermittent compared to continuous real-time fMRI neurofeedback boosts control over amygdala activation,0,Intermittent,Germany,18,18,0,27.8,3.8,,2,2,1,2,1,1,4,,1,40,80,4,,3,,1,43.67,1,8,4,1,NA,,,1,1,10,2,2, Amygdala,, Amygdala,up,Regulate minus Count Signal*,999,,0,SE,PSC over Each session (3) and No Feedback Transfer,,NA,NA,NA,NA,1,NA,NA,1,,,,NA,NA,0.15,0.52,0.58,0.8,NA,NA,0.51,0.9,0.47,0.6,NA,NA,NA,NA,NA,NA,NA,NA,NA,NA,NA,NA,NA,NA,NA,NA,,,,,,,,,NA,NA,NA,NA,NA,NA,NA,NA,NA,NA,NA,NA,NA,NA,NA,NA,NA,NA,NA,NA,NA,NA,NA,NA,,,,,,,,,0.15,0.52,0.58,0.8,NA,NA,0.51,0.9,0.47,0.6,NA,NA,NA,NA,NA,NA,NA,NA,NA,NA,NA,NA,NA,NA,NA,NA,,,,,,,,,NA,,,,,,,,,,,,,,,,,,,,,,,,,,,,,,,,,,,,,,,,,,,,,,,,,,,,,
Hoedlmoser,2008,Hoedlmoser,Instrumental Conditioning of Human Sensorimotor Rhythm (12-15 Hz) and Its Impact on Sleep as Well as Declarative Learning,0,,Austria,16,NA,NA,,NA,,2,3,2,2,"19,21,27","1,3",1,,,180,60,8,,1,1,10,60,10,240,,NA,1,1,16,2,2,7,0,1, SMR, SMR,,up,Relative and Absolute Amplitudes,amplitude,,0,SD,Early Intervention (2-4) and Late Intervention (8-10) Baselines and Intervention Data,Baseline (used for relative amplitude): Resting State EEG (Open-Eyes),1,,1,1,NA,NA,NA,1,0.34,-0.99,,0.64,0.2,,,0.66,0.2,0.67,0.26,NA,NA,0.59,0.19,NA,NA,NA,NA,NA,NA,NA,NA,NA,NA,NA,NA,NA,NA,NA,NA,,,,,,,,,NA,NA,NA,NA,NA,NA,NA,NA,NA,NA,NA,NA,NA,NA,NA,NA,NA,NA,NA,NA,NA,NA,NA,NA,,,,,,,,,NA,NA,NA,NA,NA,NA,NA,NA,NA,NA,NA,NA,NA,NA,NA,NA,NA,NA,NA,NA,NA,NA,NA,NA,NA,NA,,,,,,,,,NA,,,,,,,,,,,,,,,,,,,,,,,,,,,,,,,,,,,,,,,,,,,,,,,,,,,,,
Keizer,2010,Keizer_2,The effect of gamma enhancing neurofeedback on the control of feature bindings and intelligence measures.,1,Control,Netherlands,7,NA,NA,,NA,,3,3,2,2,19,3,1,0.125,9,1800,,1,,1,0-1,8,30,10-11,240,,NA,1,1,"10,11",2,2,8,1,2,Low Threshold Gamma,Gamma,Oz,up,Gamma&Beta MeanPower,Power,,0,SD,Session 1 ,NA,NA,NA,NA,NA,NA,NA,NA,,,,,NA,NA,NA,NA,NA,NA,NA,NA,NA,NA,NA,NA,NA,NA,NA,NA,NA,NA,NA,NA,NA,NA,NA,NA,NA,NA,NA,NA,,,,,,,,,NA,NA,NA,NA,NA,NA,NA,NA,NA,NA,NA,NA,NA,NA,NA,NA,NA,NA,NA,NA,NA,NA,NA,NA,,,,,,,,,NA,NA,NA,NA,NA,NA,NA,NA,NA,NA,NA,NA,NA,NA,NA,NA,NA,NA,NA,NA,NA,NA,NA,NA,NA,NA,,,,,,,,,NA,,,,,,,,,,,,,,,,,,,,,,,,,,,,,,,,,,,,,,,,,,,,,,,,,,,,,
Keizer,2010,Keizer_1,The effect of gamma enhancing neurofeedback on the control of feature bindings and intelligence measures.,1,Gamma Up,Netherlands,7,NA,NA,,NA,,3,3,2,2,19,3,1,0.125,9,1800,,1,,1,0-1,8,30,10-11,240,,NA,1,"1,2","10,11",2,2,8,1,2,High Threshold Gamma,Gamma,Oz,up,Gamma&Beta Mean Power,NA,,0,SD,NA,NA,NA,NA,NA,NA,NA,NA,NA,,,,,NA,NA,NA,NA,NA,NA,NA,NA,NA,NA,NA,NA,NA,NA,NA,NA,NA,NA,NA,NA,NA,NA,NA,NA,NA,NA,NA,NA,,,,,,,,,NA,NA,NA,NA,NA,NA,NA,NA,NA,NA,NA,NA,NA,NA,NA,NA,NA,NA,NA,NA,NA,NA,NA,NA,,,,,,,,,NA,NA,NA,NA,NA,NA,NA,NA,NA,NA,NA,NA,NA,NA,NA,NA,NA,NA,NA,NA,NA,NA,NA,NA,NA,NA,,,,,,,,,NA,,,,,,,,,,,,,,,,,,,,,,,,,,,,,,,,,,,,,,,,,,,,,,,,,,,,,
Keynan,2016,Keynan_2,Limbic Activity Modulation Guided by Functional Magnetic Resonance Imaging???Inspired Electroencephalography Improves Implicit Emotion Regulation,3,Experiment 2,Israel,7,NA,NA,,NA,23-29,2,"2,3",2,2,19,"2,3",,,1,300,,5,,1,1,1,30,1,25,,NA,1,2,,2,1,8,1,NA,NA,NA,NA,NA,NA,NA,NA,0,NA,NA,NA,NA,NA,NA,NA,NA,NA,NA,,,,,NA,NA,NA,NA,NA,NA,NA,NA,NA,NA,NA,NA,NA,NA,NA,NA,NA,NA,NA,NA,NA,NA,NA,NA,NA,NA,NA,NA,,,,,,,,,NA,NA,NA,NA,NA,NA,NA,NA,NA,NA,NA,NA,NA,NA,NA,NA,NA,NA,NA,NA,NA,NA,NA,NA,,,,,,,,,NA,NA,NA,NA,NA,NA,NA,NA,NA,NA,NA,NA,NA,NA,NA,NA,NA,NA,NA,NA,NA,NA,NA,NA,NA,NA,,,,,,,,,NA,,,,,,,,,,,,,,,,,,,,,,,,,,,,,,,,,,,,,,,,,,,,,,,,,,,,,
Keynan,2016,Keynan_3,Limbic Activity Modulation Guided by Functional Magnetic Resonance Imaging???Inspired Electroencephalography Improves Implicit Emotion Regulation,3,Experiment 1 EFP Test,Israel,15,NA,NA,,NA,,2,3,2,2,19,2,1,,,420,,4,,1,,1,35,1,28,,NA,12,,16,2,2,8,1,NA,NA,NA,NA,NA,NA,NA,NA,0,NA,NA,NA,NA,NA,NA,NA,NA,NA,NA,,,,,NA,NA,NA,NA,NA,NA,NA,NA,NA,NA,NA,NA,NA,NA,NA,NA,NA,NA,NA,NA,NA,NA,NA,NA,NA,NA,NA,NA,,,,,,,,,NA,NA,NA,NA,NA,NA,NA,NA,NA,NA,NA,NA,NA,NA,NA,NA,NA,NA,NA,NA,NA,NA,NA,NA,,,,,,,,,NA,NA,NA,NA,NA,NA,NA,NA,NA,NA,NA,NA,NA,NA,NA,NA,NA,NA,NA,NA,NA,NA,NA,NA,NA,NA,,,,,,,,,NA,,,,,,,,,,,,,,,,,,,,,,,,,,,,,,,,,,,,,,,,,,,,,,,,,,,,,
Keynan,2016,Keynan_1,Limbic Activity Modulation Guided by Functional Magnetic Resonance Imaging???Inspired Electroencephalography Improves Implicit Emotion Regulation,3,Experiment 1,Israel,15,NA,NA,,NA,22-29,2,"2,3",2,2,19,"2,3",1,3,,420,,4,,1,1,1,35,1,28,,8,1,2,,2,1,8,1,NA,NA,NA,NA,NA,NA,NA,NA,0,NA,NA,NA,NA,NA,NA,NA,NA,NA,NA,,,,,NA,NA,NA,NA,NA,NA,NA,NA,NA,NA,NA,NA,NA,NA,NA,NA,NA,NA,NA,NA,NA,NA,NA,NA,NA,NA,NA,NA,,,,,,,,,NA,NA,NA,NA,NA,NA,NA,NA,NA,NA,NA,NA,NA,NA,NA,NA,NA,NA,NA,NA,NA,NA,NA,NA,,,,,,,,,NA,NA,NA,NA,NA,NA,NA,NA,NA,NA,NA,NA,NA,NA,NA,NA,NA,NA,NA,NA,NA,NA,NA,NA,NA,NA,,,,,,,,,NA,,,,,,,,,,,,,,,,,,,,,,,,,,,,,,,,,,,,,,,,,,,,,,,,,,,,,
Keynan,2019,NA,NA,3,NA,NA,NA,NA,NA,NA,NA,NA,NA,NA,NA,NA,NA,NA,NA,NA,NA,NA,NA,NA,NA,NA,NA,NA,NA,NA,NA,NA,NA,NA,NA,NA,NA,NA,NA,NA,2, Amygdala EFP Power,999,,down,Regulate minus Attend Signal*,999,,0,SD,Each session,,NA,1,1,NA,NA,NA,1,,,,,NA,NA,-0.05,0.13,-0.16,0.2,NA,NA,NA,NA,-0.09,0.13,-0.09,0.15,-0.1,0.17,-0.12,0.18,NA,NA,NA,NA,NA,NA,NA,NA,NA,NA,,,,,,,,,2.2,NA,NA,NA,NA,NA,0.8,NA,0.8,NA,1,NA,1.4,NA,NA,NA,NA,NA,NA,NA,NA,NA,NA,NA,,,,,,,,,NA,NA,NA,NA,NA,NA,NA,NA,NA,NA,NA,NA,NA,NA,NA,NA,NA,NA,NA,NA,NA,NA,NA,NA,NA,NA,,,,,,,,,NA,,,,,,,,,,,,,,,,,,,,,,,,,,,,,,,,,,,,,,,,,,,,,,,,,,,,,
Keynan,2019,NA,NA,3,NA,NA,NA,NA,NA,NA,NA,NA,NA,NA,NA,NA,NA,NA,NA,NA,NA,NA,NA,NA,NA,NA,NA,NA,NA,NA,NA,NA,NA,NA,NA,NA,NA,NA,NA,NA,2, Alpha/Theta ,999,,down,Regulate minus Attend Signal*,999,,0,SD,Each session,,NA,1,1,NA,NA,NA,1,,,,,NA,NA,0.002,0.07,-0.043,0.1,NA,NA,NA,NA,0.005,0.1,0.01,0.08,-0.011,0.1,-0.04,0.09,NA,NA,NA,NA,NA,NA,NA,NA,NA,NA,,,,,,,,,-22.5,NA,NA,NA,NA,NA,1.5,NA,4,NA,-6.5,NA,-21,NA,NA,NA,NA,NA,NA,NA,NA,NA,NA,NA,,,,,,,,,NA,NA,NA,NA,NA,NA,NA,NA,NA,NA,NA,NA,NA,NA,NA,NA,NA,NA,NA,NA,NA,NA,NA,NA,NA,NA,,,,,,,,,NA,,,,,,,,,,,,,,,,,,,,,,,,,,,,,,,,,,,,,,,,,,,,,,,,,,,,,
Kober,2013,Kober_5,Learning to modulate one's own brain activity: the effect of spontaneous mental strategies.,0,SMR,Austria,10,5,5,46,3.98,,1,3,2,2,"1,19,24,27","1,3",1,,,180,,6,,1,,10,21,21,180,"1,2,3,4,6,8",NA,1,1,16,1,2,9,1,1, SMR/Gamma,999,,up,Z-Transformed SMR Power,power,,0,SD,"First session, Last session",,NA,1,1,NA,NA,NA,NA,,,,,NA,NA,0.05,0.93,0.49,1.05,NA,NA,NA,NA,NA,NA,NA,NA,NA,NA,NA,NA,NA,NA,NA,NA,NA,NA,NA,NA,NA,NA,,,,,,,,,NA,NA,NA,NA,NA,NA,NA,NA,NA,NA,NA,NA,NA,NA,NA,NA,NA,NA,NA,NA,NA,NA,NA,NA,,,,,,,,,NA,NA,NA,NA,NA,NA,NA,NA,NA,NA,NA,NA,NA,NA,NA,NA,NA,NA,NA,NA,NA,NA,NA,NA,NA,NA,,,,,,,,,NA,,,,,,,,,,,,,,,,,,,,,,,,,,,,,,,,,,,,,,,,,,,,,,,,,,,,,
Kober,2020,Kober_1,Differential Effects of Up- and Down-Regulation of SMR Coherence on EEG Activity and Memory Performance: A Neurofeedback Training Study.,0,SMR Coherence Upregulation,Austria,10,5,5,24.5,2.22,,1,3,1,2,"1,21","1,3",1,1,,180,,6,,1,1-3,10,21,21-28,180,"1,2,3,4,5,9,8",NA,11,,16,2,2,9,1,2," SMR Coherence, MAINTAIN Beta and Theta",999,"Cz, Pz",down,"SMR Power, Beta Power, Theta Power",power,,0,SE,Each session (averaged across baseline and six runs),Baseline: NF Stimulus instructed no control,1,NA,NA,1,NA,NA,NA,,,,,−0.00016,0.0054,NA,NA,NA,NA,0.02006,0.00542,NA,NA,NA,NA,NA,NA,NA,NA,NA,NA,NA,NA,NA,NA,NA,NA,NA,NA,NA,NA,,,,,,,,,NA,NA,NA,NA,NA,NA,NA,NA,NA,NA,NA,NA,NA,NA,NA,NA,NA,NA,NA,NA,NA,NA,NA,NA,,,,,,,,,NA,NA,NA,NA,NA,NA,NA,NA,NA,NA,NA,NA,NA,NA,NA,NA,NA,NA,NA,NA,NA,NA,NA,NA,NA,NA,,,,,,,,,NA,,,,,,,,,,,,,,,,,,,,,,,,,,,,,,,,,,,,,,,,,,,,,,,,,,,,,
Kober,2020,Kober_2,Differential Effects of Up- and Down-Regulation of SMR Coherence on EEG Activity and Memory Performance: A Neurofeedback Training Study.,0,SMR Coherence Down,Austria,10,5,5,25.3,2.16,,1,3,1,2,"1,21","1,3",1,1,,180,,6,,1,1-3,10,21,21-28,180,"1,2,3,4,5,9,8",NA,11,,16,2,2,9,1,2, SMR Coherence, SMR,"Cz, Pz",up,SMR Power,fc,,0,SE,Each session (averaged across baseline and six runs),Baseline: NF Stimulus instructed no control,1,NA,NA,1,NA,NA,NA,,,,,0.00303,0.0062,NA,NA,NA,NA,0.01667,0.0062,NA,NA,NA,NA,NA,NA,NA,NA,NA,NA,NA,NA,NA,NA,NA,NA,NA,NA,NA,NA,,,,,,,,,NA,NA,NA,NA,NA,NA,NA,NA,NA,NA,NA,NA,NA,NA,NA,NA,NA,NA,NA,NA,NA,NA,NA,NA,,,,,,,,,NA,NA,NA,NA,NA,NA,NA,NA,NA,NA,NA,NA,NA,NA,NA,NA,NA,NA,NA,NA,NA,NA,NA,NA,NA,NA,,,,,,,,,NA,,,,,,,,,,,,,,,,,,,,,,,,,,,,,,,,,,,,,,,,,,,,,,,,,,,,,
Kober,2022,Kober_3,Triathletes are experts in self-regulating physical activity ??? But what about self-regulating neural activity?,0,triathletes,Austria,13,5,8,29.31,5.27,,2,3,2,2,1,1,1,0.1,,180,,9,,1,,1,45,1,27,,NA,1,"1,2","10,13,16",1,2,9,1,2, SMR, SMR,Cz,up,SMR Power,power,,0,SE,Per Baseline and Mean Each Run,Baseline: NF Stimulus instructed no control,1,1,1,NA,NA,NA,NA,,,,,1.77,0.22,2.06,0.32,2.31,0.3,NA,NA,NA,NA,2.03,0.25,1.96,0.2,1.81,0.21,1.87,0.22,2.22,0.34,2.27,0.28,2.17,0.28,2.31,0.3,NA,NA,,,,,,,,,0.121359,NA,NA,NA,NA,NA,-0.01456,NA,-0.04854,NA,-0.12136,NA,-0.09223,NA,0.07767,NA,0.101942,NA,0.053398,NA,NA,NA,NA,NA,,,,,,,,,0.163842,NA,0.305085,NA,NA,NA,NA,NA,0.146893,NA,0.107345,NA,0.022599,NA,0.056497,NA,0.254237,NA,0.282486,NA,0.225989,NA,NA,NA,NA,NA,,,,,,,,,NA,,,,,,,,,,,,,,,,,,,,,,,,,,,,,,,,,,,,,,,,,,,,,,,,,,,,,
Kober,2022,Kober_4,Triathletes are experts in self-regulating physical activity ??? But what about self-regulating neural activity?,3,control,,NA,NA,NA,,NA,,NA,,NA,NA,,,,,,,,,,NA,,,,,,,NA,NA,,,NA,NA,NA,NA,NA,,,,,,,,0,SE,,,NA,NA,NA,NA,NA,NA,NA,,,,,1.81,0.24,1.67,0.19,1.93,0.24,NA,NA,NA,NA,1.92,0.25,1.9,0.24,1.93,0.25,1.99,0.22,2.11,0.29,1.86,0.24,1.95,0.31,1.93,0.24,NA,NA,,,,,,,,,0.155689,NA,NA,NA,NA,NA,0.149701,NA,0.137725,NA,0.155689,NA,0.191617,NA,0.263473,NA,0.113772,NA,0.167665,NA,NA,NA,NA,NA,,,,,,,,,-0.07735,NA,0.066298,NA,NA,NA,NA,NA,0.060773,NA,0.049724,NA,0.066298,NA,0.099448,NA,0.165746,NA,0.027624,NA,0.077348,NA,NA,NA,NA,NA,,,,,,,,,NA,,,,,,,,,,,,,,,,,,,,,,,,,,,,,,,,,,,,,,,,,,,,,,,,,,,,,
Koush,2013,Koush,Real-time automated spectral assessment of the BOLD response for neurofeedback at 3 and 7T.,3,NA,NA,NA,NA,NA,NA,NA,NA,NA,NA,NA,NA,NA,NA,NA,NA,NA,NA,NA,NA,NA,NA,NA,NA,NA,NA,NA,NA,NA,NA,NA,NA,NA,NA,NA,NA,1, Alpha, Alpha,,up,,999,,1,,,,999,NA,NA,NA,NA,NA,NA,,,,,NA,NA,NA,NA,NA,NA,NA,NA,NA,NA,NA,NA,NA,NA,NA,NA,NA,NA,NA,NA,NA,NA,NA,NA,NA,NA,NA,NA,,,,,,,,,NA,NA,NA,NA,NA,NA,NA,NA,NA,NA,NA,NA,NA,NA,NA,NA,NA,NA,NA,NA,NA,NA,NA,NA,,,,,,,,,NA,NA,NA,NA,NA,NA,NA,NA,NA,NA,NA,NA,NA,NA,NA,NA,NA,NA,NA,NA,NA,NA,NA,NA,NA,NA,,,,,,,,,NA,,,,,,,,,,,,,,,,,,,,,,,,,,,,,,,,,,,,,,,,,,,,,,,,,,,,,
Koush,2013,NA,NA,1,NA,NA,NA,NA,NA,NA,NA,NA,NA,NA,NA,NA,NA,NA,NA,NA,NA,NA,NA,NA,NA,NA,NA,NA,NA,NA,NA,NA,NA,NA,NA,NA,NA,NA,NA,NA,1, SPL/VC Connectivity,,999,up,Activity PSC,999,,1,?,"Pre-Intervention, Post-Intervention","Pre-, Post-Intervention: Resting State (Open-Eyes, 4 minutes)",1,NA,NA,1,NA,NA,NA,,,,,NA,NA,NA,NA,NA,NA,NA,NA,NA,NA,NA,NA,NA,NA,NA,NA,NA,NA,NA,NA,NA,NA,NA,NA,NA,NA,NA,NA,,,,,,,,,NA,NA,NA,NA,NA,NA,NA,NA,NA,NA,NA,NA,NA,NA,NA,NA,NA,NA,NA,NA,NA,NA,NA,NA,,,,,,,,,NA,NA,NA,NA,NA,NA,NA,NA,NA,NA,NA,NA,NA,NA,NA,NA,NA,NA,NA,NA,NA,NA,NA,NA,NA,NA,,,,,,,,,NA,,,,,,,,,,,,,,,,,,,,,,,,,,,,,,,,,,,,,,,,,,,,,,,,,,,,,
Krogmeier,2022,Krogmeier,Frontal alpha asymmetry interaction with an experimental story EEG brain-computer interface.,0,,United States,19,14,5,19.05,1.02,18-22,1,3,1,2,"24,26","1,3",1,,,30,46,8,10,1,,1,30-45,1,4,3,,1,1,1,1,2,999,999,1, Frontal Alpha Asymmetry,alpha,,up,Frontal Alpha Asymmetry,asymmetry,,0,none,Each Intervention Block Individual Data,,NA,NA,1,1,NA,NA,1,,,,,NA,NA,0.232662593,0.556113299,0.203703704,0.519096595,NA,NA,NA,NA,0.210281852,0.500324103,0.317037037,0.588398095,0.282626667,0.451545683,0.286762222,0.427394457,0.233115185,0.502547345,0.327618519,0.446454382,0.203703704,0.519096595,NA,NA,NA,NA,,,,,,,,,NA,NA,NA,NA,NA,NA,NA,NA,NA,NA,NA,NA,NA,NA,NA,NA,NA,NA,NA,NA,NA,NA,NA,NA,,,,,,,,,NA,NA,NA,NA,NA,NA,NA,NA,NA,NA,NA,NA,NA,NA,NA,NA,NA,NA,NA,NA,NA,NA,NA,NA,NA,NA,,,,,,,,,NA,,,,,,,,,,,,,,,,,,,,,,,,,,,,,,,,,,,,,,,,,,,,,,,,,,,,,
Lee,2019,Lee,The Analysis of Electroencephalography Changes Before and After a Single Neurofeedback Alpha/Theta Training session in University Students.,1,,Republic of Korea,27,21,6,26.25,NA,,1,3,2,2,19,"1,3",1,,,1800,,1,,1,,1,45,1,30,,NA,1,1,"1,13,15",2,2,9,1,1, Theta/Alpha ,999,Pz,up,"Alpha Power, Theta Power",999,,0,SE,"Each Channel, for Pre- and Post- Intervention",Resting State,1,NA,NA,1,NA,NA,NA,,,,,NA,NA,NA,NA,NA,NA,NA,NA,NA,NA,NA,NA,NA,NA,NA,NA,NA,NA,NA,NA,NA,NA,NA,NA,NA,NA,NA,NA,,,,,,,,,NA,NA,NA,NA,NA,NA,NA,NA,NA,NA,NA,NA,NA,NA,NA,NA,NA,NA,NA,NA,NA,NA,NA,NA,,,,,,,,,NA,NA,NA,NA,NA,NA,NA,NA,NA,NA,NA,NA,NA,NA,NA,NA,NA,NA,NA,NA,NA,NA,NA,NA,NA,NA,,,,,,,,,NA,,,,,,,,,,,,,,,,,,,,,,,,,,,,,,,,,,,,,,,,,,,,,,,,,,,,,
Li,2018,Li,Improving motivation through real-time fMRI-based self-regulation of the nucleus accumbens.,0,,China,19,NA,19,,NA,,2,2,1,2,27,1,1,4-5,1,30,45,5,,5,1,2,37.25,4,25,,1,NA,,,2,1,9,1,1, Nucleus Accumbens,, Nucleus Accumbens,up,Bold Difference of Training-Baseline,difference,,0,SE,Each session Training-Baseline,Baseline:Turn the stimuli down (decrease),1,NA,NA,1,NA,NA,NA,,,,,NA,NA,NA,NA,NA,NA,NA,NA,NA,NA,NA,NA,NA,NA,NA,NA,NA,NA,NA,NA,NA,NA,NA,NA,NA,NA,NA,NA,,,,,,,,,NA,NA,NA,NA,NA,NA,NA,NA,NA,NA,NA,NA,NA,NA,NA,NA,NA,NA,NA,NA,NA,NA,NA,NA,,,,,,,,,NA,NA,NA,NA,NA,NA,NA,NA,NA,NA,NA,NA,NA,NA,NA,NA,NA,NA,NA,NA,NA,NA,NA,NA,NA,NA,,,,,,,,,NA,,,,,,,,,,,,,,,,,,,,,,,,,,,,,,,,,,,,,,,,,,,,,,,,,,,,,
Marins,2019,Marins,Structural and functional connectivity changes in response to short-term neurofeedback training with motor imagery,0,,Brazil,19,7,12,27.7,4.04,,3,2,2,2,1,1,1,,9,20,20,8,,3,,1,16,1,8,,10,NA,,,1,2,10,2,1, Motor Imagery Network,999,,up,SMR & DMN Connectivity,fc,,0,SD,Pre-Intervention vs. Post-Intervention,"DMN Pre-Post-: Resting State, SMN Pre-Post-: Motor Imagery",1,NA,NA,,1,NA,NA,,,,,31.06,5.31,,,NA,NA,NA,NA,34.96,7.51,NA,NA,NA,NA,NA,NA,NA,NA,NA,NA,NA,NA,NA,NA,NA,NA,NA,NA,,,,,,,,,NA,NA,NA,NA,NA,NA,NA,NA,NA,NA,NA,NA,NA,NA,NA,NA,NA,NA,NA,NA,NA,NA,NA,NA,,,,,,,,,NA,NA,NA,NA,NA,NA,NA,NA,NA,NA,NA,NA,NA,NA,NA,NA,NA,NA,NA,NA,NA,NA,NA,NA,NA,NA,,,,,,,,,NA,,,,,,,,,,,,,,,,,,,,,,,,,,,,,,,,,,,,,,,,,,,,,,,,,,,,,
Maszczyk,2018,Maszczyk,Neurofeedback for the enhancement of dynamic balance of judokas,0,,Poland,8,NA,NA,,NA,,3,3,2,2,"21,26",3,1,,,1500,,1,,1,4-5,15,45,35,375,,NA,1,1,15,2,2,7,1,1, Beta/Theta , Beta/Theta ,,up,Theta & Beta Absolute Value,999,,0,SD,"Pre-Intervention, Post-Intervention","Pre-, Post-Intervention: Resting State (Eyes Open)",1,NA,NA,1,NA,NA,NA,,,,,8.12,1.88,NA,NA,NA,NA,6.01,1.69,NA,NA,NA,NA,NA,NA,NA,NA,NA,NA,NA,NA,NA,NA,NA,NA,NA,NA,NA,NA,,,,,,,,,NA,NA,NA,NA,NA,NA,NA,NA,NA,NA,NA,NA,NA,NA,NA,NA,NA,NA,NA,NA,NA,NA,NA,NA,,,,,,,,,NA,NA,NA,NA,NA,NA,NA,NA,NA,NA,NA,NA,NA,NA,NA,NA,NA,NA,NA,NA,NA,NA,NA,NA,NA,NA,,,,,,,,,NA,,,,,,,,,,,,,,,,,,,,,,,,,,,,,,,,,,,,,,,,,,,,,,,,,,,,,
Mayeli,2020,Mayeli,Self-regulation of ventromedial prefrontal cortex activation using real-time fMRI neurofeedback-Influence of default mode network ,0,,United States,18,,,,,,1,2,1,2,"1, 27",1,1,2,1,40,40,4,40,3,,1,41.33,1,8,3,1,1,,,1,2,999,999,1, vmPFC Activity,, vmpfc,up,vmPFC Activity PSC,psc,,0,SE,"Pre-Intervention, Rehearsal w/Feedback, Intervention, Post-Intervention","RE & TR: Think about things important to them (no feedback), PR: Free to choose strategies",1,1,NA,1,NA,NA,NA,,,,,NA,NA,NA,NA,NA,NA,NA,NA,NA,NA,NA,NA,NA,NA,NA,NA,NA,NA,NA,NA,NA,NA,NA,NA,NA,NA,NA,NA,,,,,,,,,NA,NA,NA,NA,NA,NA,NA,NA,NA,NA,NA,NA,NA,NA,NA,NA,NA,NA,NA,NA,NA,NA,NA,NA,,,,,,,,,0.116969036,0.227657309,NA,NA,NA,NA,NA,NA,NA,NA,NA,NA,NA,NA,NA,NA,NA,NA,NA,NA,NA,NA,NA,NA,NA,NA,,,,,,,,,NA,,,,,,,,,,,,,,,,,,,,,,,,,,,,,,,,,,,,,,,,,,,,,,,,,,,,,
Mayer,2012,NA,NA,1,NA,NA,NA,NA,NA,NA,NA,NA,NA,NA,NA,NA,NA,NA,NA,NA,NA,NA,NA,NA,NA,NA,NA,NA,NA,NA,NA,NA,NA,NA,NA,NA,NA,NA,NA,NA,1,,999,,down,,999,,0,,,,999,NA,NA,NA,NA,NA,NA,,,,,NA,NA,NA,NA,NA,NA,NA,NA,NA,NA,NA,NA,NA,NA,NA,NA,NA,NA,NA,NA,NA,NA,NA,NA,NA,NA,NA,NA,,,,,,,,,NA,NA,NA,NA,NA,NA,NA,NA,NA,NA,NA,NA,NA,NA,NA,NA,NA,NA,NA,NA,NA,NA,NA,NA,,,,,,,,,NA,NA,NA,NA,NA,NA,NA,NA,NA,NA,NA,NA,NA,NA,NA,NA,NA,NA,NA,NA,NA,NA,NA,NA,NA,NA,,,,,,,,,NA,,,,,,,,,,,,,,,,,,,,,,,,,,,,,,,,,,,,,,,,,,,,,,,,,,,,,
Miroslaw,2022,Miroslaw,"Neuronal activity in the brain changes during exercise in attention states, warm-up, submaximal effort, and recovery, after neurofeedback-EEG training in motion",2,Swimmers,Poland,10,NA,NA,18-25,NA,,1,3,2,2,26,3,1,,,300,30,6,,NA,7,20,32,120,600,6,NA,1,2,10,2,2,8,1,1,Beta2,Beta2,"C3, C4",down,power,power,,0,SD,"Pre-Intervention, Post-Intervention",Attention Resting State,1,NA,NA,1,NA,NA,NA,,,,,1.31,0.91,NA,NA,NA,NA,3.11,4.01,NA,NA,NA,NA,NA,NA,NA,NA,NA,NA,NA,NA,NA,NA,NA,NA,NA,NA,NA,NA,,,,,,,,,NA,NA,NA,NA,NA,NA,NA,NA,NA,NA,NA,NA,NA,NA,NA,NA,NA,NA,NA,NA,NA,NA,NA,NA,,,,,,,,,NA,NA,NA,NA,NA,NA,NA,NA,NA,NA,NA,NA,NA,NA,NA,NA,NA,NA,NA,NA,NA,NA,NA,NA,NA,NA,,,,,,,,,NA,,,,,,,,,,,,,,,,,,,,,,,,,,,,,,,,,,,,,,,,,,,,,,,,,,,,,
Miroslaw,2022,Miroslaw,"Neuronal activity in the brain changes during exercise in attention states, warm-up, submaximal effort, and recovery, after neurofeedback-EEG training in motion",2,Track and Field,Poland,10,NA,NA,18-25,NA,,1,3,2,2,26,3,1,,,300,30,6,,NA,7,20,32,120,600,6,NA,1,2,10,2,2,8,1,1,Beta2,Beta2,"C3, C4",down,power,power,,0,SD,"Pre-Intervention, Post-Intervention",Attention Resting State,1,NA,NA,1,NA,NA,NA,,,,,1.74,1.34,NA,NA,NA,NA,1.49,1,NA,NA,NA,NA,NA,NA,NA,NA,NA,NA,NA,NA,NA,NA,NA,NA,NA,NA,NA,NA,,,,,,,,,NA,NA,NA,NA,NA,NA,NA,NA,NA,NA,NA,NA,NA,NA,NA,NA,NA,NA,NA,NA,NA,NA,NA,NA,,,,,,,,,NA,NA,NA,NA,NA,NA,NA,NA,NA,NA,NA,NA,NA,NA,NA,NA,NA,NA,NA,NA,NA,NA,NA,NA,NA,NA,,,,,,,,,NA,,,,,,,,,,,,,,,,,,,,,,,,,,,,,,,,,,,,,,,,,,,,,,,,,,,,,
Naas,2019,Naas,"Neurofeedback training with a low-priced EEG device leads to faster alpha enhancement but shows no effect on cognitive performance: A single-blind, sham-feedback study",0,,Switzerland,17,5,12,21.29,NA,,2,3,1,2,"24,27",3,1,,1,180,30,5,,1,1,4,37,4,60,"2,3,4,9",NA,1,1,1,2,1,8,1,1, Individual Upper Alpha Amplitude, Alpha,,up,IUA Amplitude/EEG Amplitude Ratio,amplitude,y,0,SD,"First 2 Periods (1,2) vs. Last 2 Periods (19,20)",,NA,1,1,NA,NA,NA,NA,,,,,NA,NA,0,0.34,0.36,0.66,NA,NA,NA,NA,0.29,0.48,0.3,0.49,0.36,0.66,NA,NA,NA,NA,NA,NA,NA,NA,NA,NA,NA,NA,,,,,,,,,NA,NA,NA,NA,NA,NA,NA,NA,NA,NA,NA,NA,NA,NA,NA,NA,NA,NA,NA,NA,NA,NA,NA,NA,,,,,,,,,NA,NA,NA,NA,NA,NA,NA,NA,NA,NA,NA,NA,NA,NA,NA,NA,NA,NA,NA,NA,NA,NA,NA,NA,NA,NA,,,,,,,,,NA,,,,,,,,,,,,,,,,,,,,,,,,,,,,,,,,,,,,,,,,,,,,,,,,,,,,,
Nam,2020,Nam_2,Effect of Threshold Setting on Neurofeedback Training,0,medium freq threshold,Republic of Korea,17,4,13,23.06,2.11,,1,3,2,2,"1,19,21,24,27","1,3",1,,,600,60-120,4,,1,,1,60,1,40,,NA,1,"1,2","15,16",2,2,9,1,3," SMR, MAINTAIN High Beta and Theta",999,Cz,up,SMR Power,power,,0,SD,"Pre-Intervention, 1st Block, Post-Intervention","Baseline: Resting state EEG, Post Block: No stimuli, but control EEG",1,1,NA,NA,1,NA,NA,,,,,4.29,0.72,4.01,0.66,NA,NA,NA,NA,4.09,0.78,NA,NA,NA,NA,NA,NA,NA,NA,NA,NA,NA,NA,NA,NA,NA,NA,NA,NA,,,,,,,,,NA,NA,NA,NA,NA,NA,NA,NA,NA,NA,NA,NA,NA,NA,NA,NA,NA,NA,NA,NA,NA,NA,NA,NA,,,,,,,,,NA,NA,NA,NA,NA,NA,NA,NA,NA,NA,NA,NA,NA,NA,NA,NA,NA,NA,NA,NA,NA,NA,NA,NA,NA,NA,,,,,,,,,NA,,,,,,,,,,,,,,,,,,,,,,,,,,,,,,,,,,,,,,,,,,,,,,,,,,,,,
Nam,2020,Nam_1,Effect of Threshold Setting on Neurofeedback Training,0,low freq threshold,Republic of Korea,19,3,16,22.11,2.16,,1,3,2,2,"1,19,21,24,27","1,3",1,,,600,60-120,4,,1,,1,60,1,40,,NA,1,"1,2","15,16",2,2,9,1,3," SMR, MAINTAIN High Beta and Theta",999,Cz,up,SMR Power,power,,0,SD,"Pre-Intervention, 1st Block, Post-Intervention","Pre-Intervention: Resting state EEG, Post Block: No stimuli, but control EEG",1,1,NA,1,NA,NA,NA,,,,,4.56,1.23,3.96,0.99,NA,NA,NA,NA,3.95,0.87,NA,NA,NA,NA,NA,NA,NA,NA,NA,NA,NA,NA,NA,NA,NA,NA,NA,NA,,,,,,,,,NA,NA,NA,NA,NA,NA,NA,NA,NA,NA,NA,NA,NA,NA,NA,NA,NA,NA,NA,NA,NA,NA,NA,NA,,,,,,,,,NA,NA,NA,NA,NA,NA,NA,NA,NA,NA,NA,NA,NA,NA,NA,NA,NA,NA,NA,NA,NA,NA,NA,NA,NA,NA,,,,,,,,,NA,,,,,,,,,,,,,,,,,,,,,,,,,,,,,,,,,,,,,,,,,,,,,,,,,,,,,
Nam,2020,Nam_3,Effect of Threshold Setting on Neurofeedback Training,0,high freq threshold,Republic of Korea,20,5,15,22.7,2.83,,1,3,2,2,"1,19,21,24,27","1,3",1,,,600,60-120,4,,1,,1,60,1,40,,NA,1,"1,2","15,16",2,2,9,1,3," SMR, MAINTAIN High Beta and Theta",999,Cz,up,SMR Power,power,,0,SD,"Pre-Intervention, 1st Block, Post-Intervention","Baseline: Resting state EEG, Post Block: No stimuli, but control EEG",1,1,NA,1,NA,NA,NA,,,,,4.55,1.3,4.12,1.29,NA,NA,NA,NA,4.39,1.2,NA,NA,NA,NA,NA,NA,NA,NA,NA,NA,NA,NA,NA,NA,NA,NA,NA,NA,,,,,,,,,NA,NA,NA,NA,NA,NA,NA,NA,NA,NA,NA,NA,NA,NA,NA,NA,NA,NA,NA,NA,NA,NA,NA,NA,,,,,,,,,NA,NA,NA,NA,NA,NA,NA,NA,NA,NA,NA,NA,NA,NA,NA,NA,NA,NA,NA,NA,NA,NA,NA,NA,NA,NA,,,,,,,,,NA,,,,,,,,,,,,,,,,,,,,,,,,,,,,,,,,,,,,,,,,,,,,,,,,,,,,,
Navarro Gil,2018,NA,NA,3,NA,NA,NA,NA,NA,NA,NA,NA,NA,NA,NA,NA,NA,NA,NA,NA,NA,NA,NA,NA,NA,NA,NA,NA,NA,NA,NA,NA,NA,NA,NA,NA,NA,NA,NA,NA,1, Upper Alpha,alpha,,up,Upper Alpha Power,power,,0,SEM,"Pre-, Post Intervention",Pre-Post Intervention: REST: EEG Resting State Eyes Closed (3 min) TASK: Eyes open color change task,1,NA,NA,1,NA,NA,NA,,,,,NA,NA,NA,NA,NA,NA,NA,NA,NA,NA,NA,NA,NA,NA,NA,NA,NA,NA,NA,NA,NA,NA,NA,NA,NA,NA,NA,NA,,,,,,,,,NA,NA,NA,NA,NA,NA,NA,NA,NA,NA,NA,NA,NA,NA,NA,NA,NA,NA,NA,NA,NA,NA,NA,NA,,,,,,,,,NA,NA,NA,NA,NA,NA,NA,NA,NA,NA,NA,NA,NA,NA,NA,NA,NA,NA,NA,NA,NA,NA,NA,NA,NA,NA,,,,,,,,,NA,,,,,,,,,,,,,,,,,,,,,,,,,,,,,,,,,,,,,,,,,,,,,,,,,,,,,
Paret,2016,Paret,fMRI neurofeedback of amygdala response to aversive stimuli enhances prefrontal-limbic brain connectivity,1,,Germany,16,0,NA,24.19,4.17,,2,2,2,2,1,,1,2,1,24,10,5,,3,,1,36,1,6,,8,,,,2,1,999,999,1, Amygdala,, Amygdala,down,,999,,0,,,,NA,NA,NA,NA,NA,NA,NA,,,,,NA,NA,NA,NA,NA,NA,NA,NA,NA,NA,NA,NA,NA,NA,NA,NA,NA,NA,NA,NA,NA,NA,NA,NA,NA,NA,NA,NA,,,,,,,,,NA,NA,NA,NA,NA,NA,NA,NA,NA,NA,NA,NA,NA,NA,NA,NA,NA,NA,NA,NA,NA,NA,NA,NA,,,,,,,,,NA,NA,NA,NA,NA,NA,NA,NA,NA,NA,NA,NA,NA,NA,NA,NA,NA,NA,NA,NA,NA,NA,NA,NA,NA,NA,,,,,,,,,NA,,,,,,,,,,,,,,,,,,,,,,,,,,,,,,,,,,,,,,,,,,,,,,,,,,,,,
Patel,2021,Patel,Using EEG Alpha States to Understand Learning During Alpha Neurofeedback Training for Chronic Pain,0,,UK,4,NA,NA,,NA,,1,3,2,2,"22,27",1,1,,10,300,60,2,,1,1-7,5,21,21,50,,NA,1,1,1,2,2,8,1,1, Alpha, Alpha,,up,Alpha Amplitude,amplitude,,0,SD,Each session (5) for Group,,NA,1,1,NA,NA,NA,1,,,,,NA,NA,-0.24,1.27,-0.32,1.32,NA,NA,NA,NA,0.14,1.71,0.07,0.89,-0.01,1.17,-0.32,1.32,NA,NA,NA,NA,NA,NA,NA,NA,NA,NA,,,,,,,,,0.333333,NA,NA,NA,NA,NA,-1.58333,NA,-1.29167,NA,-0.95833,NA,NA,NA,NA,NA,NA,NA,NA,NA,NA,NA,NA,NA,,,,,,,,,NA,NA,NA,NA,NA,NA,NA,NA,NA,NA,NA,NA,NA,NA,NA,NA,NA,NA,NA,NA,NA,NA,NA,NA,NA,NA,,,,,,,,,NA,,,,,,,,,,,,,,,,,,,,,,,,,,,,,,,,,,,,,,,,,,,,,,,,,,,,,
Perez-Elvira,2021,Perez-Elvira_2,Enhancing the Effects of Neurofeedback Training: The Motivational Value of the Reinforcers.,0,NF-Imposed,Spain,45,21,24,38.42,12.17,,2,3,2,2,"26,27",3,1,0.032,,,,,,NA,,1,,1,,,NA,1,1,16,2,2,9,1,2, SMR, SMR,,up,SMR Value*,999,,0,SD,Pre-Intervention vs. Post-Intervention,"Pre-, Post-Intervention: Resting State EEG (Eyes Open)",1,NA,NA,1,NA,NA,NA,,,,,4.54,1.64,NA,NA,NA,NA,4.6,1.77,NA,NA,NA,NA,NA,NA,NA,NA,NA,NA,NA,NA,NA,NA,NA,NA,NA,NA,NA,NA,,,,,,,,,NA,NA,NA,NA,NA,NA,NA,NA,NA,NA,NA,NA,NA,NA,NA,NA,NA,NA,NA,NA,NA,NA,NA,NA,,,,,,,,,NA,NA,NA,NA,NA,NA,NA,NA,NA,NA,NA,NA,NA,NA,NA,NA,NA,NA,NA,NA,NA,NA,NA,NA,NA,NA,,,,,,,,,NA,,,,,,,,,,,,,,,,,,,,,,,,,,,,,,,,,,,,,,,,,,,,,,,,,,,,,
Perez-Elvira,2021,Perez-Elvira_1,Enhancing the Effects of Neurofeedback Training: The Motivational Value of the Reinforcers.,0,NF-Selected,Spain,48,19,29,35.9,12.02,,2,3,2,2,"20,23",3,1,0.032,,,,,,NA,,1,,1,,,NA,1,1,16,2,2,9,1,2, SMR, SMR,,up,SMR Value*,999,,0,SD,Pre-Intervention vs. Post-Intervention,"Pre-, Post-Intervention: Resting State EEG (Eyes Open)",1,NA,NA,1,NA,NA,NA,,,,,4.53,1.4,,,,,4.79,1.44,NA,NA,,,,,,,,,,,NA,NA,NA,NA,NA,NA,NA,NA,,,,,,,,,NA,NA,NA,NA,NA,NA,NA,NA,NA,NA,NA,NA,NA,NA,NA,NA,NA,NA,NA,NA,NA,NA,NA,NA,,,,,,,,,NA,NA,NA,NA,NA,NA,NA,NA,NA,NA,NA,NA,NA,NA,NA,NA,NA,NA,NA,NA,NA,NA,NA,NA,NA,NA,,,,,,,,,NA,,,,,,,,,,,,,,,,,,,,,,,,,,,,,,,,,,,,,,,,,,,,,,,,,,,,,
Pimenta,2018,Pimenta_2,Neurofeedback of SMR and Beta1 Frequencies: An Investigation of Learning Indices and Frequency-Speci???c E???ects,0,Beta1,UK,11,6,5,21.91,1.35,,2,3,2,1,"1,16,21,27","1,3",1,,,150,10,4,10,2,,6,26.66667,14-21,120,,NA,1,"4,13,12",10,2,2,8,1,2, Beta, Beta,,up,Amplitude Change,amplitude,,0,SD,Each session Baseline and Intervention Group Data,Baseline: Resting State EEG,NA,1,1,NA,NA,NA,1,,,,,1.02,0.06,1.02,0.04,1.06,0.17,1.01,0.16,NA,NA,1.05,0.13,1.03,0.13,1.07,0.08,1.07,0.12,1.06,0.17,NA,NA,NA,NA,NA,NA,NA,NA,,,,,,,,,NA,NA,NA,NA,NA,NA,NA,NA,NA,NA,NA,NA,NA,NA,NA,NA,NA,NA,NA,NA,NA,NA,NA,NA,,,,,,,,,NA,NA,NA,NA,NA,NA,NA,NA,NA,NA,NA,NA,NA,NA,NA,NA,NA,NA,NA,NA,NA,NA,NA,NA,NA,NA,,,,,,,,,1.03,0.12,1,0.1,1.05,0.09,0.99,0.18,1.01,0.16,,,,,,,,,,,,,,,,,,,,,,,,,,,,,,,,,,,,,,,,,,,,
Pimenta,2018,Pimenta_1,Neurofeedback of SMR and Beta1 Frequencies: An Investigation of Learning Indices and Frequency-Speci???c E???ects,0,SMR,UK,10,4,6,23,1.45,,2,3,2,1,"1,16,21,27","1,3",1,,,150,10,4,10,2,,6,26.66667,14-21,120,,NA,1,"4,13,12",16,2,2,8,1,2, SMR, SMR,,up,Amplitude Change,amplitude,,0,SD,Each session Baseline and Intervention Group Data,Baseline: Resting State EEG,NA,1,1,NA,NA,NA,1,,,,,1.01,0.09,1.01,0.05,1.1,0.1,1.04,0.16,NA,NA,1.05,0.1,1.02,0.11,1.03,0.14,1.05,0.09,1.1,0.1,NA,NA,NA,NA,NA,NA,NA,NA,,,,,,,,,NA,NA,NA,NA,NA,NA,NA,NA,NA,NA,NA,NA,NA,NA,NA,NA,NA,NA,NA,NA,NA,NA,NA,NA,,,,,,,,,NA,NA,NA,NA,NA,NA,NA,NA,NA,NA,NA,NA,NA,NA,NA,NA,NA,NA,NA,NA,NA,NA,NA,NA,NA,NA,,,,,,,,,1.03,0.17,0.96,0.17,1,0.21,0.98,0.15,1.04,0.16,,,,,,,,,,,,,,,,,,,,,,,,,,,,,,,,,,,,,,,,,,,,
Rijken,2016,Rijken,Increasing Performance of Professional Soccer Players and Elite Track and Field Athletes with Peak Performance Training and Biofeedback: A Pilot,0,,Netherlands,10,8,2,18,,16-38,1,3,2,2,19,3,1,,,1800,,1,,1,,14.8,30,42,444,,NA,1,1,1,2,2,999,999,1, Alpha, Alpha,,up,Alpha Power,power,,0,SD,"Baseline, Post-Intervention, and Transfer","Baseline, Post-Intervention, Transfer (5-Week Follow-Up): 5 min-eyes closed",1,NA,NA,1,1,NA,NA,,,,,-1.96,0.27,NA,NA,NA,NA,-1.84,0.33,-1.92,0.34,NA,NA,NA,NA,NA,NA,NA,NA,NA,NA,NA,NA,NA,NA,NA,NA,NA,NA,,,,,,,,,NA,NA,NA,NA,NA,NA,NA,NA,NA,NA,NA,NA,NA,NA,NA,NA,NA,NA,NA,NA,NA,NA,NA,NA,,,,,,,,,NA,NA,NA,NA,NA,NA,NA,NA,NA,NA,NA,NA,NA,NA,NA,NA,NA,NA,NA,NA,NA,NA,NA,NA,NA,NA,,,,,,,,,NA,,,,,,,,,,,,,,,,,,,,,,,,,,,,,,,,,,,,,,,,,,,,,,,,,,,,,
Shibata,2016,Shibata_1,Differential Activation Patterns in the Same Brain Region Led to Opposite Emotional States,0,Lower-Preference,Japan,12,NA,NA,,NA,,2,2,2,1,16,1,4,,,14.5,5.5,15,30,NA,1,3,66,3,117.45,"1,2,3,9",1,NA,,,2,1,9,1,2, Cingulate Cortex,, Cingulate Cortex,up,Mean BOLD Signal Amplitudes,amplitude,,0,SE,Each session Intervention,,NA,1,1,NA,NA,NA,1,,,,,NA,NA,-0.0662,0.042,0.0138,0.0672,NA,NA,NA,NA,-0.0403,0.058,NA,NA,NA,NA,NA,NA,NA,NA,NA,NA,NA,NA,NA,NA,NA,NA,,,,,,,,,-1.20846,NA,NA,NA,NA,NA,-0.39124,NA,NA,NA,NA,NA,NA,NA,NA,NA,NA,NA,NA,NA,NA,NA,NA,NA,,,,,,,,,NA,NA,NA,NA,NA,NA,NA,NA,NA,NA,NA,NA,NA,NA,NA,NA,NA,NA,NA,NA,NA,NA,NA,NA,NA,NA,,,,,,,,,NA,,,,,,,,,,,,,,,,,,,,,,,,,,,,,,,,,,,,,,,,,,,,,,,,,,,,,
Shibata,2016,Shibata_2,Differential Activation Patterns in the Same Brain Region Led to Opposite Emotional States,0,Higher-Preference,Japan,12,NA,NA,,NA,,2,2,2,1,16,1,4,,,14.5,5.5,15,30,NA,1,3,66,3,117.45,"1,2,3,9",1,NA,,,2,1,9,1,2, Cingulate Cortex,, Cingulate Cortex,up,Mean BOLD Signal Amplitudes,amplitude,,0,SE,Each session Intervention,,NA,1,1,NA,NA,NA,1,,,,,NA,NA,-0.1263,0.0582,-0.0912,0.059,NA,NA,NA,NA,-0.0758,0.0487,NA,NA,NA,NA,NA,NA,NA,NA,NA,NA,NA,NA,NA,NA,NA,NA,,,,,,,,,-0.27791,NA,NA,NA,NA,NA,-0.39984,NA,NA,NA,NA,NA,NA,NA,NA,NA,NA,NA,NA,NA,NA,NA,NA,NA,,,,,,,,,NA,NA,NA,NA,NA,NA,NA,NA,NA,NA,NA,NA,NA,NA,NA,NA,NA,NA,NA,NA,NA,NA,NA,NA,NA,NA,,,,,,,,,NA,,,,,,,,,,,,,,,,,,,,,,,,,,,,,,,,,,,,,,,,,,,,,,,,,,,,,
Shtoots,2021,Shtoots_2,The Effects of Theta EEG Neurofeedback on the Consolidation of Spatial Memory.,0,Beta,Israel,18,5,13,24.1,3.4,,2,3,2,2,"1,27",1,1,,,600,60,3,,1,,1,37,1,30,,NA,1,1,15,2,2,11,2,2, Low Beta/Theta ,Beta/Theta ,,up,Theta/Beta Ratio PSC,psc,,0,SD,Baseline vs. Whole Intervention Average,Baseline: Resting state EEG,1,NA,1,NA,NA,1,NA,,,,,NA,NA,NA,NA,NA,NA,NA,NA,NA,NA,NA,NA,NA,NA,NA,NA,NA,NA,NA,NA,NA,NA,NA,NA,NA,NA,NA,NA,,,,,,,,,NA,NA,NA,NA,NA,NA,NA,NA,NA,NA,NA,NA,NA,NA,NA,NA,NA,NA,NA,NA,NA,NA,NA,NA,,,,,,,,,NA,NA,0.2592,0.5062,NA,NA,NA,NA,NA,NA,NA,NA,NA,NA,NA,NA,NA,NA,NA,NA,NA,NA,NA,NA,NA,NA,,,,,,,,,NA,,,,,,,,,,,,,,,,,,,,,,,,,,,,,,,,,,,,,,,,,,,,,,,,,,,,,
Shtoots,2021,Shtoots_1,The Effects of Theta EEG Neurofeedback on the Consolidation of Spatial Memory.,0,Theta,Israel,18,7,11,22.8,2.9,,2,3,2,2,"1,27",1,1,,,600,60,3,,1,,1,37,1,30,,NA,1,1,15,2,2,11,2,2, Theta/Low Beta , Theta/Beta ,,up,Theta/Beta Ratio PSC,psc,,0,SD,Baseline vs. Whole Intervention Average,Baseline: Resting state EEG,1,NA,1,NA,NA,1,NA,,,,,NA,NA,NA,NA,NA,NA,NA,NA,NA,NA,NA,NA,NA,NA,NA,NA,NA,NA,NA,NA,NA,NA,NA,NA,NA,NA,NA,NA,,,,,,,,,NA,NA,NA,NA,NA,NA,NA,NA,NA,NA,NA,NA,NA,NA,NA,NA,NA,NA,NA,NA,NA,NA,NA,NA,,,,,,,,,NA,NA,0.2031,0.2325,NA,NA,NA,NA,NA,NA,NA,NA,NA,NA,NA,NA,NA,NA,NA,NA,NA,NA,NA,NA,NA,NA,,,,,,,,,NA,,,,,,,,,,,,,,,,,,,,,,,,,,,,,,,,,,,,,,,,,,,,,,,,,,,,,
Staufenbiel,2014,Staufenbiel_1,Effect of beta and gamma neurofeedback on memory and intelligence in the elderly,0,Beta group,Netherlands,10,8,2,66.4,1.9,,3,3,2,2,19,3,1,1,9,1800,,1,,1,1-2,8,30,21,240,,NA,1,1,11,2,2,10,2,2, Beta, Beta,,up,Beta Power,power,,0,SE,"Pre-Intervention, Post-Intervention","Pre-, Post-Intervention: Resting state EEG (5 min eyes open)",1,NA,NA,1,NA,NA,NA,,,,,6.42,1.35,,,NA,NA,9.33,1.52,NA,NA,NA,NA,NA,NA,NA,NA,NA,NA,NA,NA,NA,NA,NA,NA,NA,NA,NA,NA,,,,,,,,,NA,NA,NA,NA,NA,NA,NA,NA,NA,NA,NA,NA,NA,NA,NA,NA,NA,NA,NA,NA,NA,NA,NA,NA,,,,,,,,,NA,NA,NA,NA,NA,NA,NA,NA,NA,NA,NA,NA,NA,NA,NA,NA,NA,NA,NA,NA,NA,NA,NA,NA,NA,NA,,,,,,,,,NA,,,,,,,,,,,,,,,,,,,,,,,,,,,,,,,,,,,,,,,,,,,,,,,,,,,,,
Staufenbiel,2014,Staufenbiel_2,Effect of beta and gamma neurofeedback on memory and intelligence in the elderly,0,Gamma group,Netherlands,10,6,4,69.2,1.87,,3,3,2,2,19,3,1,1,9,1800,,1,,1,1-2,8,30,21,240,,NA,1,1,11,2,2,10,2,2,Gamma,Gamma,,up,Gamma Power,power,,0,SE,"Pre-Intervention, Post-Intervention","Pre-, Post-Intervention: Resting state EEG (5 min eyes open)",1,NA,NA,1,NA,NA,NA,,,,,5.29,0.98,NA,NA,NA,NA,4.51,0.9,NA,NA,NA,NA,NA,NA,NA,NA,NA,NA,NA,NA,NA,NA,NA,NA,NA,NA,NA,NA,,,,,,,,,NA,NA,NA,NA,NA,NA,NA,NA,NA,NA,NA,NA,NA,NA,NA,NA,NA,NA,NA,NA,NA,NA,NA,NA,,,,,,,,,NA,NA,NA,NA,NA,NA,NA,NA,NA,NA,NA,NA,NA,NA,NA,NA,NA,NA,NA,NA,NA,NA,NA,NA,NA,NA,,,,,,,,,NA,,,,,,,,,,,,,,,,,,,,,,,,,,,,,,,,,,,,,,,,,,,,,,,,,,,,,
Studer,2014,Studer_2,Slow cortical potential and theta/beta neurofeedback training in adults: effects on attentional processes and motor system excitability,0,Theta/beta training,Germany,19,7,12,24.62,2.56,,1,3,2,2,"1,27","1,2,3",1,,1,300-600,,10,,2,1-7,10,50,70,1000,,NA,1,"1,2","10,13,15",2,2,8,1,2, Control of SCP Directionality,999,,up,Change in Differentiation,999,,0,SD,"Early Training (First two sessions) vs. Late Training (Last two session #9,#10)",,NA,1,1,NA,NA,NA,NA,,,-1.05,,NA,NA,1.72,0.31,1.75,0.34,NA,NA,NA,NA,NA,NA,NA,NA,NA,NA,NA,NA,NA,NA,NA,NA,NA,NA,NA,NA,NA,NA,,,,,,,,,NA,NA,NA,NA,NA,NA,NA,NA,NA,NA,NA,NA,NA,NA,NA,NA,NA,NA,NA,NA,NA,NA,NA,NA,,,,,,,,,NA,NA,NA,NA,NA,NA,NA,NA,NA,NA,NA,NA,NA,NA,NA,NA,NA,NA,NA,NA,NA,NA,NA,NA,NA,NA,,,,,,,,,NA,,,,,,,,,,,,,,,,,,,,,,,,,,,,,,,,,,,,,,,,,,,,,,,,,,,,,
Studer,2014,Studer_1,Slow cortical potential and theta/beta neurofeedback training in adults: effects on attentional processes and motor system excitability,0,SCP training,Germany,19,10,9,25.08,2.47,,1,3,2,2,"1,27","1,2,3",1,,1,6,6-8,40-60,,2,1-7,10,50,70,80-120,,NA,1,"4,13,12",16,2,2,8,1,2, Theta/Beta , Theta/Beta ,,up,Theta/Beta Ratio,ratio,,0,SD,"Early Training (First two sessions) vs. Late Training (Last two session #9,#10)",,NA,1,1,NA,NA,NA,NA,,,-1.4,,NA,NA,-1.02,1.43,-0.2,2.63,NA,NA,NA,NA,NA,NA,NA,NA,NA,NA,NA,NA,NA,NA,NA,NA,NA,NA,NA,NA,NA,NA,,,,,,,,,NA,NA,NA,NA,NA,NA,NA,NA,NA,NA,NA,NA,NA,NA,NA,NA,NA,NA,NA,NA,NA,NA,NA,NA,,,,,,,,,NA,NA,NA,NA,NA,NA,NA,NA,NA,NA,NA,NA,NA,NA,NA,NA,NA,NA,NA,NA,NA,NA,NA,NA,NA,NA,,,,,,,,,NA,,,,,,,,,,,,,,,,,,,,,,,,,,,,,,,,,,,,,,,,,,,,,,,,,,,,,
Tribrat,2007,Tribrat,Dynamics of EEG Potentials at the Beginning of a Series of EEG-Feedback sessions,0,,Ukraine,37,NA,NA,,NA,,2,3,1,2,19,2,1,,9,300,,1,,1,1,3,5,3,15,,NA,1,1,1,2,2,8,1,1, Alpha/Theta ,999,,up,Mean Spectral Power,power,,0,margin of error?,"Pre-Intervention, During Intervention, Post-Intervention","Pre-Intervention: Stimuli without feedback, Post-Intervention: No feedback transfer",1,1,1,1,NA,NA,1,1,,,,NA,NA,14.3,1.82,14.61,2.29,NA,NA,NA,NA,14.38,2.36,14.61,2.29,NA,NA,NA,NA,NA,NA,NA,NA,NA,NA,NA,NA,NA,NA,,,,,,,,,NA,NA,NA,NA,NA,NA,NA,NA,NA,NA,NA,NA,NA,NA,NA,NA,NA,NA,NA,NA,NA,NA,NA,NA,,,,,,,,,NA,NA,NA,NA,NA,NA,NA,NA,NA,NA,NA,NA,NA,NA,NA,NA,NA,NA,NA,NA,NA,NA,NA,NA,NA,NA,,,,,,,,,NA,,,,,,,,,,,,,,,,,,,,,,,,,,,,,,,,,,,,,,,,,,,,,,,,,,,,,
van Son,2020,vanSon_1,EEG Theta/Beta Ratio Neurofeedback Training in Healthy Females,0,Group A,Netherlands,4,0,4,20.5,1,,1,3,2,2,"1,27","1,2",1,0.125,,1500,,1,,1,1-3,14,1020-1190,28-42,350,,NA,1,"1,2","10,13",2,2,9,1,2, Theta/Beta , Theta/Beta ,,up,Theta/Beta Ratio,ratio,,1,SD,Each session Intervention Individual Data,Intermediate-Intervention: Resting State,NA,1,1,NA,NA,NA,1,,,,,NA,NA,1.300817,0.87474,2.131444,1.7436,NA,NA,NA,NA,1.486875,1.076973,1.739568,1.702573,1.584804,1.344278,1.782321,1.849426,1.463403,1.324678,1.488426,1.131673,1.880094,2.065051,1.696404,1.698241,2.162923,2.115668,2.463221,2.430945,2.05407,1.65523,1.979704,1.184974,2.131444,1.743618,NA,NA,NA,NA,NA,NA,NA,NA,NA,NA,NA,NA,NA,NA,NA,NA,NA,NA,NA,NA,NA,NA,NA,NA,,,,,,,,,NA,NA,NA,NA,NA,NA,NA,NA,NA,NA,NA,NA,NA,NA,NA,NA,NA,NA,NA,NA,NA,NA,NA,NA,NA,NA,,,,,,,,,NA,,,,,,,,,,,,,,,,,,,,,,,,,,,,,,,,,,,,,,,,,,,,,,,,,,,,,
van Son,2020,vanSon_2,EEG Theta/Beta Ratio Neurofeedback Training in Healthy Females,0,Group B,,,,,,,,,,,,,,,,,,,,,,,8,,,,,,,,,,,9,1,2, Theta/Beta , Theta/Beta ,,up,Theta/Beta Ratio,ratio,,1,SD,Each session Intervention Individual Data,Intermediate-Intervention: Resting State,NA,1,1,NA,NA,NA,NA,,,,,,,1.958338,0.43281,1.544661,0.2471,,,,,1.737954,0.759544,2.140077,0.695839,1.802725,0.476501,1.654664,0.490009,1.735074,0.243296,1.9122,0.599477,1.544661,0.247116,,,,,,,,,,,,,,,,,,,,,,,,,,,,,,,,,,,,,,,,,,,,,,,,,,,,,,,,,,,,,,,,,,,,,,,,,,,,,,,,,,,,,,,,,,,,,,,,,,,,,,,,,,,,,,,,,,,,,,,,,,,,,,,,,,,,
Wada,2017,Wada,Effect of neurofeedback training on event-related desynchronization strength by motor imagery,0,,Japan,11,7,4,20.4,0.5,,1,3,2,2,27,3,"1,4",,,20,6,5,,1,1-3,6,2.23,14,10,,NA,1,1,16,2,2,7,0,1," Mu (?, 8-13 Hz)",Mu,,down,MI-ERD Strength,999,,0,SE,Pre-Intervention to Last Day Intervention,Pre-Intervention: Motor Imagery,1,NA,1,NA,NA,NA,NA,,,,,-1.46,6.4,NA,NA,21.5,5.4,NA,NA,NA,NA,NA,NA,NA,NA,NA,NA,NA,NA,NA,NA,NA,NA,NA,NA,NA,NA,NA,NA,NA,NA,NA,NA,NA,NA,NA,NA,NA,NA,NA,NA,NA,NA,NA,NA,NA,NA,NA,NA,NA,NA,NA,NA,NA,NA,NA,NA,NA,NA,NA,NA,,,,,,,,,NA,NA,NA,NA,NA,NA,NA,NA,NA,NA,NA,NA,NA,NA,NA,NA,NA,NA,NA,NA,NA,NA,NA,NA,NA,NA,,,,,,,,,NA,,,,,,,,,,,,,,,,,,,,,,,,,,,,,,,,,,,,,,,,,,,,,,,,,,,,,
Weiss,2022,Weiss,Feasibility of Training the Dorsolateral Prefrontal-Striatal network by real-time fMRI Neurofeedback,0,,Germany,20,,,,,,3,2,2,2,1,1,1,,,569,,1,,2 or 3,,3,42.9,3,,,10,,,,2,2,999,999,1, DLPFC Connectivity,,dlpfc,up,Functional Connectivity - Resting State of that day,fc,,0,SD,Each Block Intervention Average,,NA,1,1,NA,NA,NA,1,,,,,NA,NA,0.0235,0.0543,0.033,0.0392,NA,NA,NA,NA,0.027,0.0447,0.0171,0.0432,0.0149,0.0471,0.0213,0.0544,0.0362,0.0408,NA,NA,NA,NA,NA,NA,NA,NA,NA,NA,NA,NA,NA,NA,NA,NA,0.404255,NA,NA,NA,NA,NA,0.148936,NA,-0.27234,NA,-0.36596,NA,-0.09362,NA,0.540426,NA,NA,NA,NA,NA,NA,NA,NA,NA,,,,,,,,,NA,NA,NA,NA,NA,NA,NA,NA,NA,NA,NA,NA,NA,NA,NA,NA,NA,NA,NA,NA,NA,NA,NA,NA,NA,NA,,,,,,,,,NA,,,,,,,,,,,,,,,,,,,,,,,,,,,,,,,,,,,,,,,,,,,,,,,,,,,,,
Witte,2013,Witte,Control beliefs can predict the ability to up-regulate sensorimotor rhythm during neurofeedback training,0,,Austria,10,NA,NA,,NA,,3,3,2,2,"1,21,26,27","1,3",1,,,180,,6,,1,,10,21,35,180,,NA,1,1,15,2,2,7,1,1, SMR (maintain/suppress Theta and Beta),SMR,,up,Absolute Power,power,,0,SE,"All sessions Baseline, and All session Training Averaged (session (10x) = Baseline -> Training)",Pre-Intervention (Baseline: 3 min of looking at feedback bars with no control of them),999,NA,NA,NA,NA,NA,NA,,0.88,-0.15,,1.97,0.22,NA,NA,2.06,0.26,NA,NA,NA,NA,NA,NA,NA,NA,NA,NA,NA,NA,NA,NA,NA,NA,NA,NA,NA,NA,NA,NA,NA,NA,NA,NA,NA,NA,NA,NA,NA,NA,NA,NA,NA,NA,NA,NA,NA,NA,NA,NA,NA,NA,NA,NA,NA,NA,NA,NA,NA,NA,NA,NA,,,,,,,,,NA,NA,NA,NA,NA,NA,NA,NA,NA,NA,NA,NA,NA,NA,NA,NA,NA,NA,NA,NA,NA,NA,NA,NA,NA,NA,,,,,,,,,NA,,,,,,,,,,,,,,,,,,,,,,,,,,,,,,,,,,,,,,,,,,,,,,,,,,,,,
Yamashita,2017,Yamashita_1,Connectivity Neurofeedback Training Can Differentially Change Functional Connectivity and Cognitive Performance,0,Increase Connectivity,Japan,18,17,1,22.6,1.8,,1,2,1,1,16,3,4,,,22,14,10,,6,1,4,,4,88,,10,NA,,,2,2,8,1,2, Motor Cortex - Laterial Parietal Cortex FC,999,,up,Functional Connectivity Z-Score,fc,,0,SE,"Pre-Intervention, Last session",Pre-Intervention: NF Rehearsal (random feedback),1,NA,1,NA,NA,NA,NA,,,,,-0.12,0.029,NA,NA,-0.061,0.046,NA,NA,NA,NA,NA,NA,NA,NA,NA,NA,NA,NA,NA,NA,NA,NA,NA,NA,NA,NA,NA,NA,NA,NA,NA,NA,NA,NA,NA,NA,NA,NA,NA,NA,NA,NA,NA,NA,NA,NA,NA,NA,NA,NA,NA,NA,NA,NA,NA,NA,NA,NA,NA,NA,,,,,,,,,NA,NA,NA,NA,NA,NA,NA,NA,NA,NA,NA,NA,NA,NA,NA,NA,NA,NA,NA,NA,NA,NA,NA,NA,NA,NA,,,,,,,,,NA,,,,,,,,,,,,,,,,,,,,,,,,,,,,,,,,,,,,,,,,,,,,,,,,,,,,,
Yamashita,2017,Yamashita_2,Connectivity Neurofeedback Training Can Differentially Change Functional Connectivity and Cognitive Performance,0,Decrease Connectivity,Japan,12,9,3,22.8,1.6,,1,2,1,1,16,3,4,,,22,14,10,,6,1,4,,4,88,,10,NA,,,2,2,8,1,2, Motor Cortex - Laterial Parietal Cortex FC,999,,down,Functional Connectivity Z-Score,fc,,0,SE,"Pre-Intervention, Last session",Pre-Intervention: NF Rehearsal (random feedback),1,NA,1,NA,NA,NA,NA,,,,,-0.11,0.034,NA,NA,-0.22,0.044,NA,NA,NA,NA,NA,NA,NA,NA,NA,NA,NA,NA,NA,NA,NA,NA,NA,NA,NA,NA,NA,NA,NA,NA,NA,NA,NA,NA,NA,NA,NA,NA,NA,NA,NA,NA,NA,NA,NA,NA,NA,NA,NA,NA,NA,NA,NA,NA,NA,NA,NA,NA,NA,NA,,,,,,,,,NA,NA,NA,NA,NA,NA,NA,NA,NA,NA,NA,NA,NA,NA,NA,NA,NA,NA,NA,NA,NA,NA,NA,NA,NA,NA,,,,,,,,,NA,,,,,,,,,,,,,,,,,,,,,,,,,,,,,,,,,,,,,,,,,,,,,,,,,,,,,
Zandi Mehran,2013,ZandiMehran_1,Brain Inconspicuous Effect by Local Sinusoidal Extremely Low Frequency Magnetic Exposure Based on Wavelet Packet Analysis: Innovation in Online Passive Neurofeedback Therapy by the Neuro-LSELF System,0,,Iran,8,NA,NA,,NA,,3,3,1,2,26,3,1,1,,600,,1,,1,2,10,,20,100,,NA,1,"1,2",15,2,2,7,0,1, Beta (suppress Theta and High Beta),Beta,,up,Theta/Beta Ratio,ratio,,0,SD,"Pre-Intervention, During Intervention, Post-Intervention",Pre-Intervention and Post-Intervention: Not specified.,1,1,NA,1,NA,NA,NA,,,,,1.53,0.28,1.22,0.32,NA,NA,1.55,0.21,NA,NA,NA,NA,NA,NA,NA,NA,NA,NA,NA,NA,NA,NA,NA,NA,NA,NA,NA,NA,NA,NA,NA,NA,NA,NA,NA,NA,NA,NA,NA,NA,NA,NA,NA,NA,NA,NA,NA,NA,NA,NA,NA,NA,NA,NA,NA,NA,NA,NA,NA,NA,,,,,,,,,NA,NA,NA,NA,NA,NA,NA,NA,NA,NA,NA,NA,NA,NA,NA,NA,NA,NA,NA,NA,NA,NA,NA,NA,NA,NA,,,,,,,,,NA,,,,,,,,,,,,,,,,,,,,,,,,,,,,,,,,,,,,,,,,,,,,,,,,,,,,,
Zandi Mehran,2015,ZandiMehran_2,NA,3,NA,NA,NA,NA,NA,NA,NA,NA,NA,NA,NA,NA,NA,NA,NA,NA,NA,NA,NA,NA,NA,NA,NA,NA,NA,NA,NA,NA,NA,NA,NA,NA,NA,NA,NA,NA,1, Beta/(Theta&High Beta) ,999,,up,Beta/(Theta&High Beta) Ratio,ratio,,0,SE,"Pre-Intervention, Intervention, Post-Intervention",Pre- and Post- Intervention: Resting State EEG,999,NA,NA,NA,NA,NA,NA,,,,,NA,NA,NA,NA,NA,NA,NA,NA,NA,NA,NA,NA,NA,NA,NA,NA,NA,NA,NA,NA,NA,NA,NA,NA,NA,NA,NA,NA,NA,NA,NA,NA,NA,NA,NA,NA,NA,NA,NA,NA,NA,NA,NA,NA,NA,NA,NA,NA,NA,NA,NA,NA,NA,NA,NA,NA,NA,NA,NA,NA,,,,,,,,,NA,NA,NA,NA,NA,NA,NA,NA,NA,NA,NA,NA,NA,NA,NA,NA,NA,NA,NA,NA,NA,NA,NA,NA,NA,NA,,,,,,,,,NA,,,,,,,,,,,,,,,,,,,,,,,,,,,,,,,,,,,,,,,,,,,,,,,,,,,,,
Zhang,2013,Zhang,Functional alteration of the DMN by learned regulation of the PCC using real-time fMRI.,0,,China,12,8,8,21,2,,1,2,1,2,18,2,1,4-7,,46,46,8,,2,,1,40.56,1,12.27,9,8,NA,,,1,1,9,1,1, Posterior Cingulate Cortex (PCC),,pcc,down,Activation PSC,psc,,0,SD,Each session during Intervention,,1,1,1,NA,NA,1,NA,,,,,NA,NA,NA,NA,NA,NA,NA,NA,NA,NA,NA,NA,NA,NA,NA,NA,NA,NA,NA,NA,NA,NA,NA,NA,NA,NA,NA,NA,NA,NA,NA,NA,NA,NA,NA,NA,NA,NA,NA,NA,NA,NA,NA,NA,NA,NA,NA,NA,NA,NA,NA,NA,NA,NA,NA,NA,NA,NA,NA,NA,,,,,,,,,-0.1125,0.430414705,-0.25333,0.415218,NA,NA,NA,NA,NA,NA,NA,NA,NA,NA,NA,NA,NA,NA,NA,NA,NA,NA,NA,NA,NA,NA,,,,,,,,,NA,,,,,,,,,,,,,,,,,,,,,,,,,,,,,,,,,,,,,,,,,,,,,,,,,,,,,
Zich,2015,Zich,Wireless EEG with individualized channel layout enables efficient motor imagery training,0,,Germany,16,5,11,,NA,,1,3,1,2,1,1,1,0.0625,,8,.5-2.5,40,180-300,2,1,4,30-34,4,42.667,,NA,12,,16,1,1,7,0,1,SMR ERD%,SMR,"C3, C4, FCz approx.",down,ERD %,psc,,0,SE?,PSC for 1st Session,,NA,NA,NA,NA,NA,1,NA,,,,,NA,NA,NA,NA,NA,NA,NA,NA,NA,NA,NA,NA,NA,NA,NA,NA,NA,NA,NA,NA,NA,NA,NA,NA,NA,NA,NA,NA,NA,NA,NA,NA,NA,NA,NA,NA,NA,NA,NA,NA,NA,NA,NA,NA,NA,NA,NA,NA,NA,NA,NA,NA,NA,NA,NA,NA,NA,NA,NA,NA,,,,,,,,,0.332,0.119,NA,NA,NA,NA,NA,NA,NA,NA,NA,NA,NA,NA,NA,NA,NA,NA,NA,NA,NA,NA,NA,NA,NA,NA,,,,,,,,,NA,,,,,,,,,,,,,,,,,,,,,,,,,,,,,,,,,,,,,,,,,,,,,,,,,,,,,
