,title,author,year,group,country,n,n.gender.post.exc_1,n.gender.post.exc_2,age.post_1,age.post_2,age.post_4,instruction,instruction_1_TEXT,motivation,motivation_1_TEXT,feedback,feedback_26_TEXT,feedback_27_TEXT,Q125,Q125_3_TEXT,update.timing,update.timing_1_TEXT,update.timing_4_TEXT,task.demands.type,task.demands.type_1_TEXT,task.demands.type_10_TEXT,task.demands.freq,task.demands.dur,task.demands.more,task.demands.more_4_TEXT,task.demands.more.nu,1_task.demands.freq.re,1_task.demands.freq.re,2_task.demands.freq.re,2_task.demands.freq.re,3_task.demands.freq.re,3_task.demands.freq.re,trial.dur,trial.iti,trial.n,block.ibi,block.n,session.isi,session.n,session.dur,training.dur.days,training.dur.min,strategy.stim,strategy.stim_1_TEXT,strategy.stim_2_TEXT,strategy.stim_3_TEXT,strategy.stim_4_TEXT,strategy.stim_5_TEXT,strategy.stim_6_TEXT,strategy.stim_9_TEXT,strategy.stim_8_TEXT,strategy.stim_10_TEXT,bold.mod,bold.mod_11_TEXT,bold.mod_12_TEXT,eeg.mod,eeg.mod_12_TEXT,eeg.mod.amp,eeg.mod.amp_1_TEXT,eeg.mod.amp_2_TEXT,eeg.mod.amp_13_TEXT,eeg.mod.amp_12_TEXT,eeg.mod.coh,eeg.freq,eeg.freq_1_TEXT,eeg.freq_10_TEXT,eeg.freq_11_TEXT,eeg.freq_12_TEXT,eeg.freq_13_TEXT,eeg.freq_14_TEXT,eeg.freq_15_TEXT,eeg.freq_16_TEXT,roi.loc_1,roi.loc_2,roi.chan_1,roi.nodes_7,rehearsal,rehearsal_2_TEXT,rehearsal_3_TEXT,func.loc,func.loc_1_TEXT,sig.change.run,Copy and paste description,Further Calculation?,What is Pre?,What is Post?,PSC,SD for PSC
Study ID,Article title,"First Author (last name, first initial)",Publication year,Which participant group is this in the study (rows on excel for analysis)?,Study country,Neurotypical/control neurofeedback training group sample size after exclusions,Sex of neurofeedback training group AFTER exclusions - males,Sex of neurofeedback training group AFTER exclusions - females,Average age of neurofeedback training group AFTER exclusions - mean,Average age of neurofeedback training group AFTER exclusions - sd,Average age of neurofeedback training group AFTER exclusions - other means of variation (describe),Presence of explicit instructions given to develop control - Selected Choice,Presence of explicit instructions given to develop control - yes (describe with examples) - Text,Presence of extrinsic motivation (outside of stimulus itself - i.e. monetary) - Selected Choice,Presence of extrinsic motivation (outside of stimulus itself - i.e. monetary) - yes (describe) - Text,"Feedback display (if multiple, select other and list all relevant options. if novel, select other and describe) - Selected Choice","Feedback display (if multiple, select other and list all relevant options. if novel, select other and describe) - Dynamic goal-oriented stimulus (Avatar) - Text","Feedback display (if multiple, select other and list all relevant options. if novel, select other and describe) - Other (specify) - Text",Description of the change in neurofeedback stimulus - Selected Choice,"Description of the change in neurofeedback stimulus - Otherwise, describe directionality, adherence, etc. - Text",Neurofeedback stimulus presentation update timing - Selected Choice,"Neurofeedback stimulus presentation update timing - Continuous (specify any delay in updating stimulus, if provided) - Text",Neurofeedback stimulus presentation update timing - Intermittent (specify duration) - Text,Task demands between neurofeedback training intervals - Selected Choice,Task demands between neurofeedback training intervals - 1. Active task (describe) - Text,Task demands between neurofeedback training intervals - 2. Other (describe) - Text,Task demands between neurofeedback training intervals (FREQUENCY),Task demands between neurofeedback training intervals (DURATION in seconds),Are more tasks used in the study? - Selected Choice,Are more tasks used in the study? - FLAG - Text,How many additional tasks were used?,1 - Task demands between neurofeedback training intervals (FREQUENCY),1 - Task demands between neurofeedback training intervals (DURATION in seconds),2 - Task demands between neurofeedback training intervals (FREQUENCY),2 - Task demands between neurofeedback training intervals (DURATION in seconds),3 - Task demands between neurofeedback training intervals (FREQUENCY),3 - Task demands between neurofeedback training intervals (DURATION in seconds),Duration of neurofeedback trials during acquisition (seconds),Inter-trial interval between neurofeedback trials during acquisition (seconds),Neurofeedback trials per block during acquisition (# of trials),Inter-block interval during acquisition (seconds),Blocks per session during acquisition (# of blocks),Inter-session interval during acquisition (days),Number of sessions during acquisition,Duration of whole session during acquisition (minutes) - not just NF training,Total training duration during acquisition (days),Total time spent neurofeedback training (minutes),Strategy used by participants to develop control of neurofeedback stimulus - Selected Choice,Strategy used by participants to develop control of neurofeedback stimulus - Auditory (specify) - Text,Strategy used by participants to develop control of neurofeedback stimulus - Visual (specify) - Text,Strategy used by participants to develop control of neurofeedback stimulus - Cognitive (specify) - Text,Strategy used by participants to develop control of neurofeedback stimulus - Emotional (specify) - Text,Strategy used by participants to develop control of neurofeedback stimulus - Verbal (specify) - Text,Strategy used by participants to develop control of neurofeedback stimulus - Motor (specify) - Text,Strategy used by participants to develop control of neurofeedback stimulus - Motor Imagery (specify) - Text,Strategy used by participants to develop control of neurofeedback stimulus - Other (specify) - Text,Strategy used by participants to develop control of neurofeedback stimulus - Notes - Text,BOLD signal modulation of a specific ROI - Selected Choice,BOLD signal modulation of a specific ROI - Other (specify) - Text,BOLD signal modulation of a specific ROI - Notes - Text,EEG modulation - Selected Choice,EEG modulation - Other (specify) - Text,If modulation of amplitude of brain signal - Selected Choice,If modulation of amplitude of brain signal - Upregulation of brain signal (which signal and is it in a ratio... coherence... etc.) - Text,If modulation of amplitude of brain signal - Downregulation of brain signal (which signal and is it in a ratio... coherence... etc.) - Text,If modulation of amplitude of brain signal - Trials/blocks/sessions before change (describe) - Text,If modulation of amplitude of brain signal - Number of changes (describe) - Text,Coherence - Selected Choice,EEG neural oscillation frequency/ratio - Selected Choice,EEG neural oscillation frequency/ratio - Alpha (specify frequency) - Text,EEG neural oscillation frequency/ratio - Beta (specify frequency) - Text,EEG neural oscillation frequency/ratio - Gamma (specify frequency) - Text,EEG neural oscillation frequency/ratio - Delta (specify frequency) - Text,EEG neural oscillation frequency/ratio - Theta (specify frequency) - Text,EEG neural oscillation frequency/ratio - Multiple during time period (specify) - Text,EEG neural oscillation frequency/ratio - Ratio (specify frequencies and directionality) - Text,EEG neural oscillation frequency/ratio - Other (specify) - Text,"Regions targeted during feedback (localized regions) - For this and then next three parameters, if they provide any of the information, fill it out. - 1","Regions targeted during feedback (localized regions) - For this and then next three parameters, if they provide any of the information, fill it out. - 2",Regions targeted during feedback (electrode/channel sites) - 1,Regions targeted during feedback (network nodes) - FLAG,Use of pre-training rehearsal prior to neurofeedback intervention? - Selected Choice,"Use of pre-training rehearsal prior to neurofeedback intervention? - If yes, describe frequency - Text","Use of pre-training rehearsal prior to neurofeedback intervention? - If yes, describe duration - Text",Use of functional localizers to determine regions of interest? - Selected Choice,Use of functional localizers to determine regions of interest? - Yes - Text,"During acquisition, how many pieces of data were there with reported signal change values?",What does the data signify?,Yes/No,First NF Time Epoch or Baseline or Something More Specific,Last NF Time Epoch or FLAG,,
1,Visual imagery during real-time fMRI neurofeedback from occipital and superior parietal cortex,"Andersson, P",2019,,Italy,14,7,7,23.6,,19-31,1,"participants were instructed to imagine the same flickering checkerboard pattern as before, but were allowed to visualize another image to potentially improve their performance, as long as it was localized to the same region of their visual field and not static.",2,,19,,,3,Participants were instructed to try to achieve a high frequency sound during imagery blocks and a low frequency sound during rest.,1,0.59,,,,,,,,,,,,,,,,24,24,9,,1,6 to 7,2,7.3,7-Jun,7.2,2,,"checkerboards, familiar faces or things",,,,,,,,1,,,,,,,,,,,,,,,,,,,,50 Voxels with Highest Activation in Left Occipital Region,,,,2,,,1,The target regions were defined using two functional localizer runs that initiated each session,1,,No,,,0.7,0.61
2,The importance of self-efficacy and negative affect for neurofeedback success for central neuropathic pain after a spinal cord injury,"Anil, K",2022,,UK,25,12,13,30.96,11.19,19-65,2,,2,,"1,24",,,"1,2,3",increase alpha and decrease theta and high beta,1,,,,,,,,,,,,,,,,,300,,6,,1,~7,4,32,~28,120,"1,6,9,8",,,,,,,,"various strategies, distraction, memory, clear mind, breathing",various stretegies were reported with varying degrees of success. various strategies and imagination were the most successful,,,,1,,"1,2",alpha amplitude,theta and high beta amplitude,,,,"1,10,13,15",12-Sep,20-30,,,4-Jan,,alpha/beta & theta,,,,c4,,2,,,2,,12,Theta Amplitude,Yes,Theta First Session,Theta Last Session,-0.008474576,17.1053705
3,Training Efficiency and Transfer Success in an Extended Real-Time Functional MRI Neurofeedback Training of the Somatomotor Cortex of Healthy Subjects.,Auer T,2015,,Germany,17,10,7,26,3.3,,1,"Subjects were instructed to find cognitive strategies that increase their brain activation in the SMC target regions. Examples of previously successful strategies were given for both training phases (e.g., imagining well-trained movements) and control phases (e.g., imagining landscapes or covert calculating).",2,,1,,,3,"For the right-hand training, the subjects??? task was to find a motor imagery strategy to increase the length of the bar to the right side, for the left-hand training to the left side of the screen. During the control periods, the feedback meter had to be kept as small as possible.",1,10-Aug,,,,,,,,,,,,,,,,30,,4,,4,2 to 3,12,23.3,28,96,,,,,,,,,,,"1,4,12",,FS given to the subjects was the difference between the real-time percent signal change from the left and right SMC,,,,,,,,,,,,,,,,,,"Right SMC, Left SMC",Left SMC,,,1,1 training session,23.3 mins,1,,4,,,,,,
3,Training efficiency and transfer success in an extended real-time functional MRI neurofeedback training of the somatomotor cortex of healthy subjects,"Auer, T",2015,,Germany,16,9,7,25.9,3.3,,1,"Examples of previously successful strategies were given for both training phases (e.g., imagining well-trained movements) and control phases (e.g., imagining landscapes or covert calculating)",2,,"1,28",,Horizontal Meter,"1,3","For the right-hand training, the subjects????????? task was to find a motor imagery strategy to increase the length of the bar to the right side, for the left-hand training to the left side of the screen.",1,10-Aug,,,,,,,,,,,,,,,,30,40,4,110,4,"1 to 2 (M,W,F / 3x a week)",12,23.3,12,96,,,,,,,,,,,1,,,,,,,,,,,,,,,,,,,,"contra- and ipsilateral ""somatomotor cortex""",,,,2,,,1,"Left and right SMC were identified individually based on fMRI of a bilateral sequential finger opposition task (Strother et al., 1995) comprising eight cycles of overt finger movements (12 s = 6 images) and motor rest (18 s = 9 images).",2,Contralateral SMC BOLD PSC,Yes,Contralateral SMC First Session,Contralateral SMC Last Session,0.69,0.147
4,LORETA Neurofeedback in the Precuneus: Operant Conditioning in Basic Mechanisms of Self-Regulation,"Cannon, R",2014,,USA,5,3,2,,,,2,,2,,"19,21,22,26",make car/ spaceship move faster and drive in the right lane/fly straight,,"1,3","Similarly, the visual stimuli were activated when the criteria were met, for example, a car or a spaceship driving faster and straighter. Alternatively, slower speed of the car, driving in the wrong lane, or the spaceship flying slow and crooked were seen when the criteria were not met",1,,,,,,,,,,,,,,,,,300,,6,,1,1 to 2,20-Dec,60,16-28,360-600,,,,,,,,,,,,,,1,,1,alpha current source density (CSD),,,,,1,13-Aug,,,,,,,,left precuneus,,,,2,,,2,,2,Current Source Density Eyes Open (EO),Yes,EO Pre-First Session Feedback,EO Post-Last Session Feedback,0.582914573,0.274350141
5,Sensorimotor Rhythm Neurofeedback Enhances Golf Putting Performance,"Cheng, M",2015,,Germany,8,7,1,20.6,1.59,,2,,2,,19,,,"1,3",sound was displayed once threshold was reached,1,,,,,,,,,,,,,,,,,30,,12,,1,5-Apr,8,30-45,35,48,,,,,,,,,,,,,,1,,1,SMR power,,,,,16,,,,,,,,SMR (12-15),,,cz,,2,,,2,,4,"training ratio: defined as the time spent above threshold divided by the total time of a single training trial (30 s),",Yes,First Group of NF SEssions,Lasr Group of NF Session,0.231326644,18.87448277
6,The Effect of an Integrated Neurofeedback and Biofeedback Training Intervention on Ice Hockey Shooting Performance,"Christie, S",2020,,Canada,8,,,,,,2,,2,,"19,27",,Both visual and auditory feedback was provided.,"1,3","Unknown for visual stimulus, Auditory is increase",1,,,9,,,,,,,,,,,,,,5400,,1,,1,,15,90,137,1350,,,,,,,,,,,,,,1,,1,SMR,,,,,16,,,,,,,,SMR (12-15 Hz),,,Cz,,2,,,2,,,spectral power SMR,No,First NF Session,Last NF Session,0.284644195,0.557494395
7,The efficacy of EEG neurofeedback aimed at enhancing sensory-motor rhythm theta ratio in healthy subjects,"de Zambotti, M",2012,,Italy,8,2,6,23.12,1.8,,1,"Afterward, participants were first instructed to move the boat as far as possible trying to avoid interruption in its navigation and to do this by finding a personal “mental state”.",2,,"1,26",video game sailing boat,,,"""The boat moved from the left to the right of the screen each time the SMR/theta surpassed a session-fixed SMR/theta threshold.",,,,,,,,,,,,,,,,,,180,,5,,1,4-Jan,16,18,56,240,,,,,,,,,,,,,,1,,"1,2",SMR,Theta,,,,15,,,,,,,SMR(12-15) & theta (4-7),,,,FCz,,2,,,2,,24,SMR/Theta Mean Peak-to-peak amplitudes,Yes,Pre-feedback baseline,Last Sssion pre-feedback baseline,0.1285,4.19
8,The time-course of alpha neurofeedback training effects in healthy participants.,"Dekker, M",2014,,Netherlands,18,6,12,20.7,1.79,,2,,2,,19,,,1,,1,,,"1,11","different cogntive tasks in this order(flanker, stop signal, Stroop task, n-back)",,once after the first training trial,300,1,,3,once after the second training trial,300,once after the thrid training trial,300,once at the end,300,480,300 (5 min cog task),3,,1,2-Jan,15,54,19 - 28,360,,,,,,,,,,,,,,1,,1,alpha,,,,,1,"low (8-10), high (10-12), total (8-12)",,,,,,,,,,"c3, c4",,2,,,2,,3,Total Alpha Power,Yes,First NF Session,Last NF Session,0.126126126,0.236220236
9,Identifying Indices of Learning for Alpha Neurofeedback Training,"Dempster, T",2009,,UK,25,5,20,,,,2,,2,,"1,19,28",,participants presented with either one or both at the same time,1,,1,,,,,,,,,,,,,,,,,450,30,2,,1,7,10,18.5,10,150,,,,,,,,,,,,,,1,,1,,,,,,1,12-Aug,,,,,,,,,,Pz,,2,,,2,,30,Amplitude within sessions compared to a resting baseline,Yes,First NF Session,Last NF SEssion,0.10786802,2.813609781
10,The Influence of an Alpha Band Neurofeedback Training in Heart Rate Variability in Athletes,"Domingos, C",2021,3/ week,Portugal,14,14,0,,,,1,"participants were instructed only to concentrate on their sport activity as much as possible. If the feedback provided on screen was positive and the goals were being achieved, that would mean their strategy was working. If not, they were encouraged to find new strategies to achieve the goals.",2,,27,,"The central object is a small white prism with a rhombus base (four-sided) that changes. If goal 1 is being achieved, the number of sides of the base increases, progressively shaping and smoothing the white prism into a bigger purple sphere. The second object is a cube whose position on screen is related to the period during which goal 1 kept being achieved continuously.","1,3",shape increased in number of sides when goal was reached,1,,,,,,,,,,,,,,,,,60,5,25,,1,4-Jan,12,27.0833,28,300,,,,,,,,,,,,,,1,,1,,,,,,1,Individual alpha band calculated (between 4-30 Hz),,,,,,,,primary motor cortex,,Cz,,1,Once at beginning of study,5 minutes,1,individual alpha band was calculated,1,amplitude of IAB in PMC,No,First NF Session,Last NF SEssion,0.157534247,0.081853528
10,The Influence of an Alpha Band Neurofeedback Training in Heart Rate Variability in Athletes,"Domingos, C",2021,2/ week,Portugal,13,13,0,,,,1,"participants were instructed only to concentrate on their sport activity as much as possible. If the feedback provided on screen was positive and the goals were being achieved, that would mean their strategy was working. If not, they were encouraged to find new strategies to achieve the goals.",2,,27,,"The central object is a small white prism with a rhombus base (four-sided) that changes. If goal 1 is being achieved, the number of sides of the base increases, progressively shaping and smoothing the white prism into a bigger purple sphere. The second object is a cube whose position on screen is related to the period during which goal 1 kept being achieved continuously.","1,3",shape increased in number of sides when goal was reached,1,,,,,,,,,,,,,,,,,60,5,25,,1,6-Jan,12,27.0833,42,300,,,,,,,,,,,,,,1,,1,,,,,,1,Individual alpha band calculated (between 4-30 Hz),,,,,,,,primary motor cortex,,Cz,,1,Once at beginning of study,5 minutes,1,individual alpha band was calculated,1,amplitude of IAB in PMC,No,First NF Session,Last NF SEssion,0.012820513,0.098488578
11,Session Frequency Matters in Neurofeedback Training of Athletes,"Domingos, C",2021,Two Session per Week,Portugal,15,15,,21.2,2.62,,1,The participants were asked to be as relaxed as possible and to concentrate on a specific sport task,2,,"16,21,24,27",,"The visual feedback display contains two objects: the first one in the centre and a second one in the lower left corner. These two objects change their shape and position, respectively, when the requirements are met. The central object is a small white prism with a rhombus base (four-sided). As long as Goal 1 is being achieved, the number of sides of the base increases, progressively shaping and smoothing the white prism into a bigger purple sphere. If Goal 1 stops being achieved, the number of sides progressively decreases back to the initial rhombus shape, with its colour fading back to white and its size diminishing. The second object is a cube whose position on screen is related to the period of time that Goal 1 kept being achieved continuously. If it happens for more than a predefined period of time (2 s), Goal 2 is accomplished and the cube moves upwards until Goal 1 stops being achieved. If that happens, it will start moving downwards back to the initial position unless Goal 2 is achieved again. Therefore, the participant's task is to move the cube upwards as much as possible (Rodrigues et al. 2010).",3,"The visual feedback display contains two objects: the first one in the centre and a second one in the lower left corner. These two objects change their shape and position, respectively, when the requirements are met. The central object is a small white prism with a rhombus base (four-sided). As long as Goal 1 is being achieved, the number of sides of the base increases, progressively shaping and smoothing the white prism into a bigger purple sphere. If Goal 1 stops being achieved, the number of sides progressively decreases back to the initial rhombus shape, with its colour fading back to white and its size diminishing. The second object is a cube whose position on screen is related to the period of time that Goal 1 kept being achieved continuously. If it happens for more than a predefined period of time (2 s), Goal 2 is accomplished and the cube moves upwards until Goal 1 stops being achieved. If that happens, it will start moving downwards back to the initial position unless Goal 2 is achieved again. Therefore, the participant's task is to move the cube upwards as much as possible.",1,,,,,,,,,,,,,,,,,60,5,25,,,4-Mar,12,27,42,300,,,,,,,,,,,,,,1,,1,Individual Alpha Band,,,,,1,Individually Calculated (between 4-30 Hz),,,,,,,,Primary Motor Cortex,,Cz,,1,Once,5 minutes,2,,2,IAB Amplitude PMC,No,First NF Session,Last NF SEssion,-0.054054054,0.329754878
11,Session Frequency Matters in Neurofeedback Training of Athletes,"Domingos, C",2021,Three Session per Week,Portugal,15,15,,21.2,2.62,,1,The participants were asked to be as relaxed as possible and to concentrate on a specific sport task,2,,"16,21,24,27",,"The visual feedback display contains two objects: the first one in the centre and a second one in the lower left corner. These two objects change their shape and position, respectively, when the requirements are met. The central object is a small white prism with a rhombus base (four-sided). As long as Goal 1 is being achieved, the number of sides of the base increases, progressively shaping and smoothing the white prism into a bigger purple sphere. If Goal 1 stops being achieved, the number of sides progressively decreases back to the initial rhombus shape, with its colour fading back to white and its size diminishing. The second object is a cube whose position on screen is related to the period of time that Goal 1 kept being achieved continuously. If it happens for more than a predefined period of time (2 s), Goal 2 is accomplished and the cube moves upwards until Goal 1 stops being achieved. If that happens, it will start moving downwards back to the initial position unless Goal 2 is achieved again. Therefore, the participant's task is to move the cube upwards as much as possible (Rodrigues et al. 2010).",3,"The visual feedback display contains two objects: the first one in the centre and a second one in the lower left corner. These two objects change their shape and position, respectively, when the requirements are met. The central object is a small white prism with a rhombus base (four-sided). As long as Goal 1 is being achieved, the number of sides of the base increases, progressively shaping and smoothing the white prism into a bigger purple sphere. If Goal 1 stops being achieved, the number of sides progressively decreases back to the initial rhombus shape, with its colour fading back to white and its size diminishing. The second object is a cube whose position on screen is related to the period of time that Goal 1 kept being achieved continuously. If it happens for more than a predefined period of time (2 s), Goal 2 is accomplished and the cube moves upwards until Goal 1 stops being achieved. If that happens, it will start moving downwards back to the initial position unless Goal 2 is achieved again. Therefore, the participant's task is to move the cube upwards as much as possible.",1,,,,,,,,,,,,,,,,,60,5,25,,,2-Jan,12,27,28,300,,,,,,,,,,,,,,1,,1,Individual Alpha Band,,,,,1,Individually Calculated (between 4-30 Hz),,,,,,,,Primary Motor Cortex,,Cz,,1,Once,5 minutes,2,,2,IAB Amplitude in PMC,No,First NF Session,Last NF SEssion,0.010526316,0.32345788
12,Comparison of anterior cingulate vs. insular cortex as targets for real-time fMRI regulation during pain stimulation,Emmert_2,2014,Group 2: ACC,Switzerland,14,7,7,27.4,2.6,,2,,2,,"18,24",,,2,,1,,,9,,,,,,,,,,,,,,30,30,4,15,4,0,1,25,1,8,,,,,,,,,,,8,,,,,,,,,,,,,,,,,,,,Anterior Cingulate Cortex,,,,2,,,1,"""The target region was chosen based on significant activation within the lAIC/ACC during the functional localizer""",4,Mean Beta values,Yes,First NF SEssion,Last NF SEssion,-0.365238456,0.396642206
12,Comparison of anterior cingulate vs. insular cortex as targets for real-time fMRI regulation during pain stimulation,Emmert_1,2014,Group 1: AIC,Switzerland,14,7,7,27.6,2.1,,2,,2,,"18,24",,,2,,1,,,9,,,,,,,,,,,,,,30,30,4,15,4,0,1,25,1,8,,,,,,,,,,,8,,,,,,,,,,,,,,,,,,,,Left Anterior Insula,,,,2,,,1,"""The target region was chosen based on significant activation within the lAIC/ACC during the functional localizer""",4,Mean Beta Values,yes,First NF Session,Last NF SEssion,-0.284745763,0.413827259
13,Self-regulation of the brain's right frontal Beta rhythm using a brain-computer interface,"Enz, N",2022,beta down,Ireland,18,6,12,27.33,12.04,,1,participants were instructed to develop a mental,2,,"24,26","A bird avatar was flying in the sky, and if Beta power was not at an acceptable level, it would go down and the screen would turn red.",,2,,1,,,1,Conditional stop signal task,,only after session 1,720,2,,,,,,,,,180,,4,,1,,6,22-50,6,72,,,,,,,,,,,,,,1,,2,,amplitude,,,,10,,13-20,,,,,,,right inferior frontal cortex,,localized right inferior frontal cortex,,2,,,1,The topoplots were then visually inspected and four right frontal electrodes showing the largest right frontal power increase in the Beta range were identified as the individual participant's rIFC region.,2,Mean Beta Values,Yes,Pre-NF Baseline,Last NF Block of Last Session,-0.151260504,2.075877544
13,Self-regulation of the brain's right frontal Beta rhythm using a brain-computer interface,"Enz, N",2022,beta up,Ireland,26,11,15,25.96,7.37,,1,"The participants were instructed to develop a mental strategy that does not involve movements, clenching teeth or tensing muscles""",2,,"24,26","A bird avatar was flying in the sky, and if Beta power was not at an acceptable level, it would go down and the screen would turn red.",,1,,1,,,1,Conditional stop signal task,,after session 1,720,2,,,,,,,,,180,,4,,1,,6,22-50,6,72,,,,,,,,,,,,,,1,,1,amplitude,,,,,10,,13-20,,,,,,,right inferior frontal cortex,,localized right inferior frontal cortex,,2,,,1,The topoplots were then visually inspected and four right frontal electrodes showing the largest right frontal power increase in the Beta range were identified as the individual participant's rIFC region.,2,Mean Beta Values,Yes,Pre-NF Baseline,Last NF Block of Last Session,0.035483871,1.912801347
14,Theta Neurofeedback Training Supports Motor Performance and Flow Experience,Eschmann K,2022,,Germany,48,18,30,22.44,,,1,"Participants were given a list of strategies (e.g., mental imagery, relaxation, concentration) for increasing the feedback bar and were encouraged to find their own preferred strategy within the first two blocks. During the remaining four NFT blocks, participants were asked to constantly use the strategy that they believed to show the greatest benefit.",2,,1,,,1,,1,,,,,,,,,,,,,,,,,300,,6,self-paced break,1,0,1,35,1,30,"3,9",,,"relaxation, concentration",,,,,,,,,,1,,1,"Theta, 4-8 Hz",,,,,13,,,,,4-8 Hz,,,,,,Fz,,2,,,2,,2,Alpha Activity,Yes,Pre-NF Baseline,Either mean of blocks or maximum 1 second interval,-0.0308,
15,Stress Coping Via Musical Neurofeedback,"Fedotchev, A",2018,,Russia,16,9,7,46.66,8.1,,2,,2,,19,,,"1,3",the higher the amp the louder the music,1,,,,,,,,,,,,,,,,,900,,1,,1,,1,17.5,1,15,,,,,,,,,,,,,,1,,1,individual alpha frequency,,,,,1,narrow individual alpha (.4-.6hz) within 8-13hz,,,,,,,,,,o1,,2,,,1,30 s period to identify individual alpha frequency,2,EEG Rhythm Index (Theta),Yes,Pre-NF Rhythm Index,Post-NF Rhythm Index,-0.023923445,1
16,Improving short-term memory performance of healthy young males using alpha band neurofeedback,"Goksin, B",2019,,Turkey,11,11,0,29,3.04,,1,"Before the training session started, several thinking strategies were advised to the participants. For example, the alpha power generally is related to the relaxation process, and positive thinking such as thinking about the family, friends and natural scenes increase the alpha power",2,,"1,18,19",,,"1,3",tone when threshold was passed,1,,,,,,,,,,,,,,,,,45,10,5,60-120,3,5-Jan,5,?,~10,56.25,3,,,positive thinking,,,,,,,,,,1,,1,relative band (alpha) power,,,,,15,,,,,,,RBP represents the ratio between the absolute band power in 7???11.5 Hz range and the absolute band power in 3.5???35 Hz range.,,,,P8,,2,,,2,,6,Alpha Band Power,Yes,Pre-NF Baseline,Last NF Session,0.236530172,0.074982824
17,Effects of a single session of SMR neurofeedback training on anxiety and cortisol levels,"Gadea, M",2020,,Spain,16,16,0,,,,2,,2,,"19,21",,,3,audio and changing background pauses if NF threshold not reached,1,,,,,,,,,,,,,,,,,1800,,1,,1,,1,40,1,30,,,,,,,,,,,,,,1,,"1,2",SMR,theta,,,,"13,16",,,,,7-Apr,,,SMR (12-15Hz),,,Cz,,2,,,2,,1,Resting SMR EEG 5 minutes before and after NF Training,Yes,Pre-NF Baseline,Post-NF Baseline,0.088888889,0.399499687
18,BIOLOGICAL RHYTHMS IN AROUSAL INDEXES - A POTENTIAL CONFOUNDING EFFECT IN EEG BIOFEEDBACK,"Gertz, J",1983,,USA,3,,,,,,2,,2,,19,,,"1,3",volumn and pitch modulation in proportion to the frequency within 0.5-20,1,,,,,,,,,,,,,,,,,300,300,45,,1,,1,450,1,225,,,,,,,,,,,,,,5,,,,,,,,16,,,,,,,,.5-20,,,,,2,,,2,,3,Mean frequency scores,Yes,Pre-NF Baseline,Mean Feedback acros all sessions,0.000997009,0.263859503
19,Neurofeedback of slow cortical potentials: neural mechanisms and feasibility of a placebo-controlled design in healthy adults,Gevensleben H,2014,,Germany,9,2,7,23.2,2.91,,1,All participants were instructed to get into an attentive (negative SCP trials) or relaxed state (positive SCP trials).,2,,"1,26",participants were asked to direct a ball on a computer screen upwards (negative SCP trials) or downwards (positive SCP trials),,3,participants were asked to direct a ball on a computer screen upwards (negative SCP trials) or downwards (positive SCP trials),1,0.1,,,,,,,,,,,,,,,,6,6-Apr,120,,2,4-Feb,1,~90,8,192,,,,,,,,,,,,,,1,,"4,13,12",,,50 50 proportion,120 (each trial),,16,,,,,,,,Slow Cortical Potentials,,,Cz,,2,,,2,,24,Mean positivity for each session,Yes,First NF Session,Last NF Session,-0.126436782,8.182988452
20,Investigation of the effects of transcranial direct current stimulation and neurofeedback by continuous performance test.,"Guleken, Z",2020,,Turkey,8,,,,,,2,,2,,"16,27",,widen a river shown in the screen,"1,3",widening the river meant that they improved their SMR activity and reduced theta activity relative to pre-feedback baseline measures,1,,,1,continuous performance test (CPT),,"after, 1, 2, 5 and 10th sessions",,2,,,,,,,,,180,,10,,1,,10,30,35,300,,,,,,,,,,,,,,1,,1,ratio inc SMR theta,,,,,"13,15,16",,,,,4-7hz,,SMR (increase)/ theta (decrease),SMR (12???15 Hz),primary motor cortex,,c4,,2,,,2,,12,Alpha Average Amplitudes,Yes,,,Not sure how to calculate this,
21,Intermittent compared to continuous real-time fMRI neurofeedback boosts control over amygdala activation,"Hellrung, L",2018,Intermittent,Germany,18,18,0,27.8,3.8,,1,"""During the HAPPY condition participants were instructed to perform mental strategies, such as reminiscing about personal experiences of happy situations, being with friends and sexual memories""",2,,1,,,1,,4,,feedback displayed for 4 seconds after trials end,1,count backwards from 100 by subtracting 3,,80,40,2,,,,,,,,,40,80,4,,3,,1,43.67,1,8,4,,,,"imagining: childhood memories, erotic memories, feelings of success memories, family experience memories, religious thoughts, holiday memories, etc.",,,,,,1,,,,,,,,,,,,,,,,,,,,left amygdala,,,,1,Once before NFT began,320 sec,1,"""A short Localizer run (20 s) at the beginning of the experiment was applied for amygdala mask positioning""",5,Happy-Count,,,,,
21,Intermittent compared to continuous real-time fMRI neurofeedback boosts control over amygdala activation,"Hellrung, L",2018,Continuous,Germany,16,16,0,25.8,2.4,,1,"""During the HAPPY condition participants were instructed to perform mental strategies, such as reminiscing about personal experiences of happy situations, being with friends and sexual memories""",2,,1,,,1,,1,6-May,,1,count backwards from 100 by subtracting 3,,80,40,2,,,,,,,,,40,80,4,,3,,1,43.67,1,8,4,,,,"imagining: childhood memories, erotic memories, feelings of success memories, family experience memories, religious thoughts, holiday memories, etc.",,,,,,1,,,,,,,,,,,,,,,,,,,,left amygdala,,,,1,Once before NFT began,320 sec,1,"""A short Localizer run (20 s) at the beginning of the experiment was applied for amygdala mask positioning""",5,,,,,,
22,Instrumental Conditioning of Human Sensorimotor Rhythm (12-15 Hz) and Its Impact on Sleep as Well as Declarative Learning,"Hoedlmoser, K",2008,,Austria,16,,,,,,2,,2,,"19,21,27",,"The aim was to move the needle as far to the left as possible reaching the previously fixed threshold represented by a green dot. Any time this SMR amplitude threshold was exceeded for ??? 250 ms, subjects got an audiovisual reward (appearance of a sun for 2 sec accompanied by a 200 ms lasting sound of 800 Hz).","1,3","the aim was to move a needle to the left side of the screen, towards a green dot",1,,,,,,,,,,,,,,,,,180,60,8,,1,1,10,60,10,240,,,,,,,,,,,,,,1,,1,sensorimotor rhythm,,,,,16,,,,,,,,sensorimotor rhythm: (12-15 Hz),,,C3,,2,,,2,,1,,,,,,
23,The effect of gamma enhancing neurofeedback on the control of feature bindings and intelligence measures.,Keizer A,2010,Gamma Up,Netherlands,7,,,,,,2,,2,,19,,,3,Increase rate of tone occurrences,1,0.125,,9,,,,,,,,,,,,,,1800,,1,,1,0-1,8,30,10 to 11,240,,,,,,,,,,,,,,1,,"1,2",Gamma,Beta,,,,"10,11",,20-Dec,36-44,,,,,,,,Oz,,2,,,2,,,,,,,,
23,The effect of gamma enhancing neurofeedback on the control of feature bindings and intelligence measures.,Keizer A,2010,Control,Netherlands,7,,,,,,2,,2,,19,,,3,Increase rate of tone occurrences,1,0.125,,9,,,,,,,,,,,,,,1800,,1,,1,0-1,8,30,10 to 11,240,,,,,,,,,,,,,,1,,1,Gamma and Beta,,,,,"10,11",,20-Dec,36-44,,,,,,,,Oz,,2,,,2,,,,,,,,
24,Limbic Activity Modulation Guided by Functional Magnetic Resonance Imaging???Inspired Electroencephalography Improves Implicit Emotion Regulation,Keynan J.,2016,Experiment 1 EFP Test,Israel,15,,,,,,2,,2,,19,,,2,,1,,,,,,,,,,,,,,,,,420,,4,,1,,1,35,1,28,,,,,,,,,,,,,,12,Amygdala EFP Modulation,,,,,,,16,,,,,,,,Amygdala EFP calculated based on all frequency bands,"method used fMRI and EEG to locate area, but first training only had EEG",,,,2,,,2,,2,,No,Baseline/Resting,Post-NF,-9.5,0.690869018
24,Limbic Activity Modulation Guided by Functional Magnetic Resonance Imaging???Inspired Electroencephalography Improves Implicit Emotion Regulation,"Keynan, J",2016,Experiment 2,Israel,7,,,,,23-29,2,,2,,19,,,"2,3",lower volume,,,,1,backward masking,,before and after each session,,2,,,,,,,,,300,,5,,1,1,1,30,1,25,,,,,,,,,,,,,,1,,2,,Amygadala- EFP,,,,,,,,,,,,,amygdala,,,,2,,,1,during rest,1,,,,,,
24,Limbic Activity Modulation Guided by Functional Magnetic Resonance Imaging???Inspired Electroencephalography Improves Implicit Emotion Regulation,"Keynan, J",2016,Experiment 1,Israel,15,,,,,22-29,2,,2,,19,,,"2,3",lower volume,1,3,,,,,,,,,,,,,,,,420,,4,,1,1,1,35,1,28,,,,,,,,,,,8,,,1,,2,,amygdala-EFP,,,,,,,,,,,,,amygdala,,,,2,,,1,7 min baseline,1,,,,,,
25,Differential Effects of Up- and Down-Regulation of SMR Coherence on EEG Activity and Memory Performance: A Neurofeedback Training Study.,Kober S,2020,SMR Coherence Upregulation,Austria,10,5,5,24.5,2.22,,1,The coherence up-regulation group was instructed to increase the bar in the middle of the screen above its threshold by using for instance motor imagery,2,,"1,21",,,"1,3","The height of the bar in the middle of the screen re?????????ected the SMR coherence values between Cz and CPz. The height of the bar on the left and right side of the screen depicted the amplitude of theta power (4?????????7Hz) and beta power (21?????????35Hz) recorded over Cz, respectively. These two outer bars were used as control bars to prevent the NF users from producing too many artifacts such as blinking",1,1,,,,,,,,,,,,,,,,180,,6,,1,3-Jan,10,21,21-28,180,"1,2,3,4,5,9,8",,,,,,,,"Breath, Cheering, Concentration, Relaxing",,,,,11,,,,,,,1,16,,,,,,,,SMR 12-15 Hz,,,"Cz, CPz",,2,,,2,,22,,Yes (Individual Session Values Also Provided),Pre-Intervention,Post-Intervention,3.527,0.09316711
25,Differential Effects of Up- and Down-Regulation of SMR Coherence on EEG Activity and Memory Performance: A Neurofeedback Training Study.,Kober S,2020,SMR Coherence Down,Austria,10,5,5,25.3,2.16,,1,The coherence up-regulation group was instructed to increase the bar in the middle of the screen above its threshold by using for instance motor imagery,2,,"1,21",,,"1,3",keep the outer two bars below their respective thresholds. The coherence up-regulation group was instructed to increase the bar in the middle of the screen below its threshold,1,1,,,,,,,,,,,,,,,,180,,6,,1,3-Jan,10,21,21-28,180,"1,2,3,4,5,9,8",,,,,,,,"Breath, Cheering, Concentration, Relaxing",,,,,11,,,,,,,2,16,,,,,,,,"SMR, 12-15 Hz",,,"Cz, CPz",,2,,,2,,22,,,,,2.564,0.135048962
26,Triathletes are experts in self-regulating physical activity ??? But what about self-regulating neural activity?,"Kober, S",2022,triathletes,Austria,13,5,8,29.31,5.27,,2,,2,,1,,,1,,1,0.1,,,,,,,,,,,,,,,,180,variable,9,,1,,1,45,1,27,,,,,,,,,,,,,,1,,"1,2",SMR power,theta and beta power,,,,"10,13,16",,21-35hz,,,4-8hz,,,SMR (12-15),,,cz,,1,1,3,2,,30,,Yes,Baseline,Last NF Run,0.305084746,0.970154627
27,Learning to modulate one's own brain activity: the effect of spontaneous mental strategies.,"Kober, S",2013,SMR,Austria,10,5,5,46,3.98,,2,,2,,"1,19,24,27",,The height of the bar in the middle of the screen re???ected absolute SMR (12???15 Hz) band power in real time for the SMR group,"1,3",The height of the bar in the middle of the screen re???ected absolute SMR (12???15 Hz) band power in real time for the SMR group,1,,,,,,,,,,,,,,,,,180,,6,,1,,10,21,21,180,"1,2,3,4,6,8",,imagination of colors or objects.,Concentration strategies refer to focused attention and concentration on the moving bars (most common),cheer,,breathing,,relaxing,,,,,1,,1,amplitude,,,,,16,,,,,,,,SMR (12-15),,,Cz,,1,1 baseline,180 seconds,2,,1,,No,First Session,Last Session,8.8,0.995439601
28,Real-time automated spectral assessment of the BOLD response for neurofeedback at 3 and 7T.,"Koush, Y",2013,3T,Switzerland,7,4,3,28,7,,1,participants were instructed to adjust their ???nger tapping so that a green horizontal bar (which represented their PMC ROI activity) would move up to the level of a prede???ned red horizontal target bar,2,,1,,,"1,3",green bar moves up to predefined red bar,1,,,,,,,,,,,,,,,,,30,30,5,,1,,1,15,1,2.5,,,,,,,,,,,1,,,,,,,,,,,,,,,,,,,,primary motor cortex,visual cortex,,,2,,,1,same length as NF trials (PMC and VC),1,,,,,,
28,Real-time automated spectral assessment of the BOLD response for neurofeedback at 3 and 7T.,"Koush, Y",2013,7T,Switzerland,7,6,1,33,9,,1,participants were instructed to adjust their ???nger tapping so that a green horizontal bar (which represented their PMC ROI activity) would move up to the level of a prede???ned red horizontal target bar,2,,1,,,"1,3",green bar moves up to predefined red bar,1,,,,,,,,,,,,,,,,,30,30,5,,1,,1,15,1,2.5,,,,,,,,,,,1,,,,,,,,,,,,,,,,,,,,primary motor cortex,visual cortex,,,2,,,1,same length as NF trials (PMC and VC),1,,,,,,
29,Connectivity-based neurofeedback: Dynamic causal modeling for real-time fMRI,"Koush, Y.",2013,,Switzerland,7,3,4,27.7,3.3,,1,"""Recommended the use of shifting visual-spatial attention as a potential regulation strategy... emphasized that participants should find an individual strategy that worked best.""",1,"It was also explained to the participant, that they will receive an additional reward of 1 CHF for each successful neurofeedback trial.","22,27",,Along with value for extrinsic motivation (money earned for successful trials).,"1,3","Coherence between SPL & VS in their respective hemispheres. Feedback stimulus represents increase in connectivity of each ""model""/network.",4,,"every 150 seconds: shown for 5 seconds after 90 seconds of ""training"" ALONG WITH 60 seconds of rest",1,"""During baseline blocks, participants were instructed to count backwards""",,Alternating with Left and Right NF Trials,10 seconds,2,,,,,,,,,10,10,4,65,8,0,3,,1,16,,,,,,,,,,,10,,,,,,,,,,,,,,,,,,,,,,,"Left SPL-VC, Right SPL-VC, Left superior parietal lobule, left visual cortex, Right superior parietal lobule, right visual cortex",2,,,1,"Before the neurofeedback runs, we ran a functional localizer that consisted of three successive runs to delineate each participant's left and right early visual cortex (VC), and the left and right superior parietal lobule (SPL), respectively.",24,,,,,,
30,The Analysis of Electroencephalography Changes Before and After a Single Neurofeedback Alpha/Theta Training Session in University Students.,"Lee, Y J",2019,,Republic of Korea,27,21,6,26.25,,,2,,2,,19,,,"1,3","state in which the participants??? alpha was dominant over theta was rewarded by the ???babbling brook??? sound, while the state in which the participants??? theta was dominant over alpha (alpha???theta crossover) was rewarded by the ???crashing waves??? sound. The supra-threshold bursts of alpha or theta were rewarded by a short high- or low-pitched bell sound. The goal state of the alpha/theta neurofeedback training was to obtain more low- than high-bell feedback and to maintain the ???crashing waves??? sound",1,,,,,,,,,,,,,,,,,1800,,1,,1,,1,~45,1,30,,,,,,,,,,,,,,1,,1,ratio alpha/theta,,,,,"1,13,15",8-13 Hz,,,,4-8 hz,,alpha/theta,,,,Pz,,2,,,2,,16,,,,,,
31,Improving motivation through real-time fMRI-based self-regulation of the nucleus accumbens.,Li Z,2018,,China,19,,19,,,,1,to expect the forthcoming positive events in the future three months,2,,27,,Dial,1,,1,5-Apr,,1,to do mental arithmetic such as to minus 3 from 100,,Each time before NF,30,2,,,,,,,,,30,45,5,,5,1,2,37.25+,4,25,,,,,,,,,,,1,,,,,,,,,,,,,,,,,,,,Nucleus Accumbens,,,,2,,,1,,4,,,,,,
32,Structural and functional connectivity changes in response to short-term neurofeedback training with motor imagery,"Marins, T",2019,,Brazil,19,7,12,27.7,4.04,,2,,2,,1,,,1,,1,,,9,,,,,,,,,,,,,,20,20,8,,3,,1,16,1,8,,,,,,,,,,,10,,,,,,,,,,,,,,,,,,,,,,,,1,,,2,,2,,,,,,
33,Neurofeedback for the enhancement of dynamic balance of judokas,"Maszczyk, A",2018,,Poland,8,,,,,,2,,2,,"21,26",boat race where beta increase makes boat move and theta makes competing boat stop,,3,"advance one boat and stop the other. When the boat reached the finish line (right edge), a green light (reward) or a red light (failure) turned on to indicate the winner.",1,,,,,,,,,,,,,,,,,1500,,1,,1,5-Apr,15,45,35,375,,,,,,,,,,,,,,1,,1,ratio,,,,,15,,,,,,,beta (14-19) increase; theta (3-8) decrease,,,,"o1, o2",,2,,,2,,5,,,,,,
34,Neurofeedback for Adult Attention-Deficit/Hyperactivity Disorder: Investigation of Slow Cortical Potential Neurofeedback-Preliminary Results,"Mayer, K",2012,Healthy Controls,Germany,8,,,26.71,2.87,,2,,2,,"21,27",,object moved from left to right over the screen to pro- vide feedback of the activation or deactivation of the brain activity by moving up or down.,3,,1,,,,,,,,,,,,,,,,,10-Feb,0 - 2,40,,4,7-Jan,15,60,35 - 105,480,,,,,,,,,,,,,,1,,"4,13,12",,,"Trials, which required activation and deacti- vation, were randomly distributed with a 50-50% rate.","Trials, which required activation and deacti- vation, were randomly distributed with a 50-50% rate.",,16,,,,,,,,CNV,,,Cz,,2,,,2,,1,,,,,,
35,Brain Inconspicuous Effect by Local Sinusoidal Extremely Low Frequency Magnetic Exposure Based on Wavelet Packet Analysis: Innovation in Online Passive Neurofeedback Therapy by the Neuro-LSELF System,"Mehran, Y",2013,,Iran,8,,,,,,1,the subject was requested to imagine himself or herself as the middle boat,2,,26,The feedback consisted of a 3 Boats Race Video Game. . Each sub- ject was asked to drive the middle boat in three-boat tournament,,3,make middle beat reach the finish line while keeping the other two boats from advancing. the forward movements of which were related to an increase in beta and a decrease in theta and high beta,1,1,,,,,,,,,,,,,,,,600,,1,,1,`~2,10,,~20,100,,,,,,,,,,,,,,1,,"1,2",beta,theta and high beta,,,,15,,,,,,,"beta (15-18) up, theta (4-7) and high beta (22-30) down",,,,Cz,,2,,,2,,3,,Yes,Pre-Intervention Theta-Beta Ratio,Post-Intervention Theta-Beta Ratio,-0.006535948,0.23515952
36,"Neuronal activity in the brain changes during exercise in attention states, warm-up, submaximal effort, and recovery, after neurofeedback-EEG training in motion","Miroslaw, M",2022,,Poland,,,,18-25,,,2,,2,,26,Dolphin motion,,3,movement of dolphins across screen,1,,,,,,,,,,,,,,,,,300,30,6,,,7,20,32,120,600,6,,,,,,elliptic and swimming,,,,,,,1,,2,,Beta (20-30 Hz),,,,10,,20-30 Hz,,,,,,,,,"C3, C4",,2,,,2,,14,,,,,,
37,"Neurofeedback training with a low-priced EEG device leads to faster alpha enhancement but shows no effect on cognitive performance: A single-blind, sham-feedback study","Naas, A",2019,,Switzerland,17,5,12,21.29,,,1,"A list with five strategies (positive thinking, evoking emotions, visualizing activities, love and physiological calm) was offered to participants who had difficulty coming up with their own ideas.",2,,"24,27",,"participants watched their real-time IUA activity at occipital and parietal sites (P7, O1, O2, and P8) colour-coded on the surface of an animated head",3,produce as much red (high activity) as possible,1,,,1,digit span test and the MDBF,,at the begninning and end of each session,300,1,,1,at the beginning and end of each session,300,,,,,180,30,5,,1,1,4,37,4,60,"2,3,4,9",,,,Participants reported emotional strategies as the most commonly used,,,"""activities"" (walking, swimming) was the most succesful strategy reported",,,,,,1,,1,power,,,,,1,individual alpha peak +2 (within 7.5-12hz),,,,,,,,,,"p7, o1, o2, p8",,2,,,1,individual alpha frequency,6,,,,,,
38,Effect of Threshold Setting on Neurofeedback Training,"Nam, S",2020,low freq threshold,Republic of Korea,19,3,16,22.11,2.16,,2,,2,,"1,19,21,24,27",,"There was an individual bar graph for each of the three frequency bands, and a puzzle on screen that had a piece put in (accompanied by a ringing sound) when training was ""going well""","1,3","When participant performed well, the color turned to green. When the participant did not focus on the training, graph turned red",1,,,,,,,,,,,,,,,,,600,60-120,4,,1,,1,~60,1,40,,,,,,,,,,,,,,1,,"1,2",SMR power,theta and high beta power,,,,"15,16",,,,,,,SMR/theta & high beta,SMR (12-15),,,cz,,2,,,2,,2,,No,1st block during training,Post-Training Transfer Run (No-NF),-0.007537688,0.935788438
38,Effect of Threshold Setting on Neurofeedback Training,"Nam, S",2020,medium freq threshold,Republic of Korea,17,4,13,23.06,2.11,,2,,2,,"1,19,21,24,27",,"There was an individual bar graph for each of the three frequency bands, and a puzzle on screen that had a piece put in (accompanied by a ringing sound) when training was ""going well""","1,3","When participant performed well, the color turned to green. When the participant did not focus on the training, graph turned red",1,,,,,,,,,,,,,,,,,600,60-120,4,,1,,1,~60,1,40,,,,,,,,,,,,,,1,,"1,2",SMR power,theta and high beta power,,,,"15,16",,,,,,,SMR/theta & high beta,SMR (12-15),,,cz,,2,,,2,,2,,No,1st block during training,Post-Training Transfer Run (No-NF),0.019950125,0.727461339
38,Effect of Threshold Setting on Neurofeedback Training,"Nam, S",2020,high freq threshold,Republic of Korea,20,5,15,22.7,2.83,,2,,2,,"1,19,21,24,27",,"There was an individual bar graph for each of the three frequency bands, and a puzzle on screen that had a piece put in (accompanied by a ringing sound) when training was ""going well""","1,3","When participant performed well, the color turned to green. When the participant did not focus on the training, graph turned red",1,,,,,,,,,,,,,,,,,600,60-120,4,,1,,1,~60,1,40,,,,,,,,,,,,,,1,,"1,2",SMR power,theta and high beta power,,,,"15,16",,,,,,,SMR/theta & high beta,SMR (12-15),,,cz,,2,,,2,,2,,No,1st block during training,Post-Training Transfer Run (No-NF),0.065533981,1.247437373
39,fMRI neurofeedback of amygdala response to aversive stimuli enhances prefrontal???limbic brain connectivity,"Paret, C",2016,,Germany,16,0,16,24.19,4.17,,2,,2,,1,,,2,,1,2,,1,view and neutral conditions,,5 times in a semi-randomized order,,1,,1,5 times in a semi-randomized order,,,,,,24,10,5,,3,,1,36,1,6,,,,,,,,,,,8,,,,,,,,,,,,,,,,,,,,amygdala,,,,2,,,1,"33% of voxels in the ROI were dynamically selected for signal extraction, depending on the ???view vs. neutral??? condition contrast and applying the ???best voxel selection??? tool implemented in TBV.",7,,,,,,
40,Using EEG Alpha States to Understand Learning During Alpha Neurofeedback Training for Chronic Pain,"Patel, K",2021,,UK,4,,,,,,2,,2,,"22,27",,Dial ranging from 0-10,1,,1,,,10,,Cold pressor test (pain resilience),start and end of each session,180,,,,,,,,,,300,60,2,,1,7-Jan,5,21,21,50,,,,,,,,,,,,,,1,,1,power,,,,,1,8-13hz,,,,,,,,,,"af3, af4",,2,,,2,,5,,,,,,
41,Enhancing the Effects of Neurofeedback Training: The Motivational Value of the Reinforcers.,Perez-Elvira R,2021,NF-Selected,Spain,48,19,29,35.9,12.02,,2,,2,,"20,23",,,3,"If their SMR goes above the configured threshold, then they get to see the image (3); if they do not get their SMR above the threshold or it falls below the threshold, then the screen dimmers preventing the subject from watching the movie",1,0.032,,,,,,,,,,,,,,,,,,,,,,1,,1,,,,,,,,,,,,,,,1,,1,SMR,,,,,16,,,,,,,,"SMR, 12-15 Hz",,,Cz,,2,,,2,,2,,No,Pre-Intervention SMR,Post-Intervention SMR,0.057395143,1.420422472
41,Enhancing the Effects of Neurofeedback Training: The Motivational Value of the Reinforcers.,Perez-Elvira R,2021,NF-Imposed,Spain,45,21,24,38.42,12.17,,2,,2,,"26,27",,"Their SMR is calculated in real time (2). If their SMR goes above the configured threshold, then new balls appear in the jar (3); if they do not get their SMR above the threshold or it falls below the threshold, then the new balls stop appearing and the ones they got before turn red and start disappearing (4).",3,"Their SMR is calculated in real time (2). If their SMR goes above the configured threshold, then new balls appear in the jar (3); if they do not get their SMR above the threshold or it falls below the threshold, then the new balls stop appearing and the ones they got before turn red and start disappearing (4).",1,0.032,,,,,,,,,,,,,,,,,,,,,,1,,1,,,,,,,,,,,,,,,1,,1,SMR,,,,,16,,,,,,,,"SMR, 12-15 Hz",,,Cz,,2,,,2,,2,,No,Pre-Intervention SMR,Post-Intervention SMR,0.013215859,1.708712966
42,Neurofeedback of SMR and Beta1 Frequencies: An Investigation of Learning Indices and Frequency-Speci???c E???ects,"Pimenta, M",2018,SMR,UK,10,4,6,23,1.45,,2,,1,reward points were given after meeting thresholds,"1,16,21,27",,In the first 4 nft periods there was a video game that would respond by moving or stopping. last 4 periods there was a circle that grew with amp.,"1,3","Told to keep video game screen moving, increase size of the circle, and keep a bar graph low",1,,,,,,,,,,,,,,,,,150,10,4,10,2,,6,26.66667,14-21,120,,,,,,,,,,,,,,1,,"4,13,12",,,first 4 blocks,once per session,,16,,,,,,,,SMR (12-15 Hz),,,c4,,2,,,2,,12,,,,,,
42,Neurofeedback of SMR and Beta1 Frequencies: An Investigation of Learning Indices and Frequency-Speci???c E???ects,"Pimenta, M",2018,Beta1,UK,11,6,5,21.91,1.35,,2,,1,reward points were given after meeting thresholds,"1,16,21,27",,In the first 4 nft periods there was a video game that would respond by moving or stoppin. last 4 periods there was a circle that grew with amp.,"1,3","Told to keep video game screen moving, increase size of a disk, and keep a bar graph low",1,,,,,,,,,,,,,,,,,150,10,4,10,2,,6,26.66667,14-21,120,,,,,,,,,,,,,,1,,"4,13,12",,,first 4 blocks,once per session,,10,,15-18 hz,,,,,,,,,"c3, c4 (smr)",,2,,,2,,12,,,,,,
43,Differential Activation Patterns in the Same Brain Region Led to Opposite Emotional States,"Shibata, K",2016,Lower-Preference,Japan,12,,,,,,2,,1,up to JPY 3000 depending on score,16,,,1,,4,,12,,,,,,,,,,,,,,,14.5,5.5,15,30,MEAN: 10.8 / SD: 0.2 (MAX 12),1,3,59.4 MAX (66 minutes),3,117.45,"1,2,3,9","imagined music,","remember natural scenes or those from daily life,","doing difficult calculations, remember video game characters, attempted to relax",,,,"imagined backflip,",,,1,,,,,,,,,,,,,,,,,,,,cingulate cortex,,,,2,,,1,,3,,,,,,
43,Differential Activation Patterns in the Same Brain Region Led to Opposite Emotional States,"Shibata, K",2016,Higher-Preference,Japan,12,,,,,,2,,1,up to JPY 3000 depending on score,16,,,1,,4,,12,,,,,,,,,,,,,,,14.5,5.5,15,30,MEAN: 10.8 / SD: 0.2 (MAX 12),1,3,59.4 MAX (66 minutes),3,117.45,"1,2,3,9","imagined music,","remember natural scenes or those from daily life,","doing difficult calculations, remember video game characters, attempted to relax",,,,"imagined backflip,",,,1,,,,,,,,,,,,,,,,,,,,cingulate cortex,,,,2,,,1,,3,,,,,,
44,The Effects of Theta EEG Neurofeedback on the Consolidation of Spatial Memory.,Shtoots L,2021,Theta,Israel,18,7,11,22.8,2.9,,2,,2,,"1,27",,the visual feedback took the form of the random dot motion task in which the speed and concentration of the dots toward the center were determined by EEG target-band power ratio,1,,1,,,,,,,,,,,,,,,,,600,60,3,,1,,1,37+,1,30,,,,,,,,,,,,,,1,,1,Theta / Low Beta Ratio,,,,,15,,,,,,,Increase Theta (3-8 Hz) / Low Beta (12-15 Hz) Ratio,,,,Fz,,2,,,2,,7,,Yes,resting baseline,avg across all NF trials,0.2,Why in %?
44,The Effects of Theta EEG Neurofeedback on the Consolidation of Spatial Memory.,Shtoots L,2021,Beta,Israel,18,5,13,24.1,3.4,,2,,2,,"1,27",,the visual feedback took the form of the random dot motion task in which the speed and concentration of the dots toward the center were determined by EEG target-band power ratio,1,,1,,,,,,,,,,,,,,,,,600,60,3,,1,,1,37+,1,30,,,,,,,,,,,,,,1,,1,Low Beta/Theta ratio,,,,,15,,,,,,,Increase Low Beta (12-15 Hz) / Theta (3-7 Hz),,,,Fz,,2,,,2,,7,,Yes,resting baseline,avg across all NF trials,0.2592,Are they an RSD?
45,Effect of beta and gamma neurofeedback on memory and intelligence in the elderly,"Staufenbiel, S",2014,Gamma group,Netherlands,10,6,4,69.2,1.87,,2,,2,,19,,,3,Reaching threshold merely triggered sound to play - Increase frequency,1,1,,9,,,,,,,,,,,,,,1800,,1,,1,2-Jan,8,30,21,240,,,,,,,,,,,,,,1,,1,Gamma,,,,,11,,,36-44,,,,,,,,Fz,,2,,,2,,9,Power,Yes,Resting Pre-training,Resting Post-training,-0.147448015,0.942549733
46,Slow cortical potential and theta/beta neurofeedback training in adults: effects on attentional processes and motor system excitability,"Studer, P",2014,SCP training,Germany,19,10,9,25.08,2.47,,2,,2,,"1,27",,ball that subjects were to direct upwards in negativity trials and downwards in positivity trials,"1,2,3",ball that subjects were to direct upwards in negativity trials and downwards in positivity trials,1,,,1,Slow cortical potential and theta/beta neurofeedback training in adults: effects on attentional processes and motor system excitability,,once after the 5th session,10 min,2,,,,,,,,,6,8-Jun,40-60,,2,7-Jan,10,50,~70 (10 weeks),80-120,,,,,,,,,,,,,,1,,"4,13,12",,,equal # of pos and neg,50/50,,16,,,,,,,,SCP - slow cortical potentials,,,Cz,,2,,,2,,1,Amplitude,Yes,pre-training baseline,post-training,0.803921569,2.28054818
46,Slow cortical potential and theta/beta neurofeedback training in adults: effects on attentional processes and motor system excitability,"Studer, P",2014,Theta/beta training,Germany,19,7,12,24.62,2.56,,2,,2,,"1,27",,ball that subjects were to direct upwards in negativity trials and downwards in positivity trials,"1,2,3","inc beta, dec theta",1,,,1,Slow cortical potential and theta/beta neurofeedback training in adults: effects on attentional processes and motor system excitability,,Once after 5th double session,10 min,2,,,,,,,,,300-600,,10,,2,7-Jan,10,50,~70 (10 weeks),1000 (50 each session * 20),,,,,,,,,,,,,,1,,"1,2",beta,theta,,,,"10,13,15",,13-20,,,8-Apr,,"theta beta ratio (reduce theta, inc beta)",,,,Cz,,2,,,2,,1,Amplitude,Yes,pre-training baseline,post-training,0.01744186,0.326036808
47,Dynamics of EEG Potentials at the Beginning of a Series of EEG-Feedback Sessions,"Tribrat, A",2007,,Ukraine,37,,,,,,1,"""Subjects of both groups should sit with their eyes open, trying to provide mental physical relaxation. Subjects of the experimental group could make this purposefully, considering the feedback signal.""... ""subjects were asked to try to control the ratio of the ???? vs ????? spectral powers with orientation on the acoustic feedback signal.""",2,,19,,,2,,1,,,9,,,,,,,,,,,,,,300,,1,,1,1,3,5,3,15,,,,,,,,,,,,,,1,,"1,9",alpha/theta ratio,,,,,1,14-Aug,,,,,,,,,,"C3, C4",,2,,,2,,6,FLAG - No values in outcomes. Check paper,,,,,
47,Dynamic of EEG Potentials at the Beginning of a Series of EEG-Feedback Sessions,"Tribrat, A",2007,,Ukraine,37,,,,,,1,"""Subjects of both groups should sit with their eyes open, trying to provide mental physical relaxation. Subjects of the experimental group could make this purposefully, considering the feedback signal.""",2,,19,,,,,1,,,9,,,,,,,,,,,,,,300,,1,,1,1,3,5,3,15,,,,,,,,,,,,,,1,,1,,,,,,15,,,,,,,Alpha increase to Theta decrease,,,,"C3, C4",,2,,,2,,1,FLAG - No values in outcomes. Check paper,,,,,
49,Effect of neurofeedback training on event-related desynchronization strength by motor imagery,"Wada, K",2017,,Japan,11,7,4,20.4,0.5,,2,,2,,27,,"Referred to as Digital Mirror Box, would provide somatosensory feedback that referenced the visual feedback of a hand moving on a screen",3,Dynamic change in hand,"1,4",,At the end of each trial for 4 sec,,,,,,,,,,,,,,,20,6,5,,1,3-Jan,6,2.23,14,10,,,,,,,,,,,,,,1,,1,event related desynchronization,,,,,16,,,,,,,,event related desynchronization,,,"C3, C4",,2,,,2,,1,,Yes,pre-training baseline,Last session mean,15.7260274,5.963220606
50,Control beliefs can predict the ability to up-regulate sensorimotor rhythm during neurofeedback training,"Witte, M",2012,,Austria,10,,,,,,2,,2,,"1,21,26,27",a number in the middle of the bar served as reward counter and was incremented by one unit each time this target state was achieved for 250 ms,increase central bar and keep small bars low,"1,3","Increase height of the central bar, while keeping the bars to the side low",1,,,,,,,,,,,,,,,,,180,,6,,1,,10,21,35,180,,,,,,,,,,,,,,1,,1,ratio,,,,,15,,,,,,,"SMR-theta (12-15/4-7); SMR - up, theta - down",,,,cz,,2,,,2,,1,power,Yes,pre-training baseline,avg across all NF training trials,0.045685279,0.766809822
51,Connectivity Neurofeedback Training Can Differentially Change Functional Connectivity and Cognitive Performance,"Yamashita, A.",2017,Increase Connectivity,Japan,18,17,1,22.6,1.8,,1,Subjects were instructed to imagine tapping their thumbs with their fingers randomly as fast as possible,1,"Subjects were informed that additional monetary reward (up to JPY 3000) would be paid in proportion to their total score, and they received this at the end of the experiments on each day.",16,,,3,Cue was a disc and the goal was to make it larger,4,,after each 14 sec trial for 8 sec,,,,,,,,,,,,,,,22,14,10,,6,1,4,,4,88,,,,,,,,,,,10,,,,,,,,,,,,,,,,,,,,left primary motor cortex,left lateral parietal cortex,,"Motor/Visuospatial Network, Default Mode Network, Left Primary Motor Cortex, Left Lateral Parietal Cortex",2,,,2,,2,Functional connectivity,Yes,pre-training baseline,Last NF session,0.491666667,0.040286474
51,Connectivity Neurofeedback Training Can Differentially Change Functional Connectivity and Cognitive Performance,"Yamashita, A.",2017,Decrease Connectivity,Japan,12,9,3,22.8,1.6,,1,Subjects were instructed to imagine tapping their thumbs with their fingers randomly as fast as possible,1,"Subjects were informed that additional monetary reward (up to JPY 3000) would be paid in proportion to their total score, and they received this at the end of the experiments on each day.",16,,,3,Cue was a disc and the goal was to make it larger,4,,after each 14 sec trial for 8 sec,,,,,,,,,,,,,,,22,14,10,,6,1,4,,4,88,,,,,,,,,,,10,,,,,,,,,,,,,,,,,,,,left primary motor cortex,left lateral parietal cortex,,,2,,,2,,2,Functional connectivity,Yes,pre-training baseline,Last NF session,-1,0.039949969
52,Functional alteration of the DMN by learned regulation of the PCC using real-time fMRI.,"Zhang, G",2013,,China,12,8,8,21,2,,1,The subjects were instructed to ensure they imagined the ???nger movement in the correct order and they did not move the ???ngers during the imagery,2,,18,,,2,,1,7-Apr,,,,,,,,,,,,,,,,46,46,8,,2,,1,40.56,1,12.27,9,,,,,,,imagine finger movement,,,8,,,,,,,,,,,,,,,,,,,,posterior cingulate cortex,,,,1,,,1,,24,PSC for each subject were extracted in the study. Avg and SD were computed manually after that,Yes,pre-training baseline,Last NF session,-0.253333333,0.415218088
53,Wireless EEG with individualized channel layout enables efficient motor imagery training,Zich C,2015,,Germany,16,5,11,,,,1,Participants were instructed to imagine the kinesthetic experience of a sequential finger tapping task (index-middle-ring-little-index-middle-ring-little) from the first-person perspective with either the right or left hand as indicated by the direction of the arrow,2,,1,,,1,,1,0.0625,,,,,,,,,,,,,,,,8,.5-2.5,40,180-300,2,1,4,30-34,4,42.667,,,,,,,,,,,,,,12,"ERD - ERD% (t) = (A (t) ??? R)/R ?? 100, where R is the power in the frequency band of 2 s baseline period before stimulus onset, and A the power in the frequency band at time point t, with reference to stimulus onset. By using this equation, ERD% is reflected by negative numbers.",,,,,,,16,,,,,,,,"ERD% (t) = (A (t) ??? R)/R ?? 100, where R is the power in the frequency band of 2 s baseline period before stimulus onset, and A the power in the frequency band at time point t, with reference to stimulus onset. By using this equation, ERD% is reflected by negative numbers.",,,"C3, C4",,1,"Before the first training and before the first feedback session, a few sample trials were presented to the participants to ensure they understood the task.",,1,,6,,Yes,First session training,Last session training,-0.012048193,20.25907204
